,Unnamed: 0,Text,Likes,Retweets,Date-Time,Date
3,3,"RT @ThomasOrTK: With Media CDN, we’re using the same infrastructure that serves YouTube content across 200+ countries and territories to he…",0,65,2022-04-26 06:47:49+00:00,2022-04-26
4,4,"Proud of the progress we've made to help build a carbon-free future, including supporting our partners as they address climate change and building products that make it easier for people to make sustainable choices. #EarthDay 
https://t.co/ssLGCAFFkp",1403,133,2022-04-22 07:18:15+00:00,2022-04-22
10,10,💯! https://t.co/HWnmFo64uH,4315,293,2022-04-06 16:54:13+00:00,2022-04-06
39,39,RT @nealmohan: Excited about all the new products we’ll be rolling out on @YouTube in 2022. Here’s a sneak peek 🧵 at some things we have in…,0,67,2022-02-11 00:54:45+00:00,2022-02-11
40,40,"As we celebrate Black History Month, Google is proud to support HBCUs with new investments for scholarships, faculty programs + more. We're also supporting Black small businesses and entrepreneurs, and amplifying Black music, art, and culture.  https://t.co/0d0azup7X4",1287,98,2022-02-09 16:35:02+00:00,2022-02-09
45,45,"Over the last 5 years, Googlers and @Googleorg have given more than $2 billion to nonprofits around the world, and Googlers have volunteered 160 years of time to causes they care about. Looking forward to seeing the impact they'll have in 2022! 
https://t.co/qiCQqd9vuI",1467,109,2022-02-02 14:07:01+00:00,2022-02-02
46,46,"Happy Year of the Tiger - wishing everyone good health, strength, and happiness! (And check out ""Lunar New Year"" on Google Search for a festive surprise:) 🐯 https://t.co/GEipfiiAFK",4217,318,2022-02-01 05:18:34+00:00,2022-02-01
50,50,"We can learn a lot about our environment just by listening to the birds. New #GoogleAI approaches can help isolate and identify birdsongs, helping ecologists better understand food systems and forest health. 🐦 
https://t.co/Va9kjPTHRj",1772,173,2022-01-24 19:20:53+00:00,2022-01-24
57,57,"Though we can't be at #CES2022 IRL, excited to launch new features to help devices work better together: quickly set up, (un)lock devices, and get more done across Android &amp; Chrome. Fast Pair, Nearby Share &amp; more also coming to Windows PCs for the 1st time https://t.co/ou2dBzD7Q6",1996,192,2022-01-05 18:26:10+00:00,2022-01-05
81,81,"Always remember to unmute...thanks @KermitTheFrog  for joining us on @YouTube #DearEarth and chatting about some of our shared interests:) 🌎🏏🦗 
https://t.co/RCIUnPcltK https://t.co/cEd6BjkA6H",7746,884,2021-10-27 06:05:39+00:00,2021-10-27
82,82,More about how our custom Google Tensor chip is powering better experiences like improved speech recognition and cameras that work for everyone on the new Pixel 6 &amp; Pixel 6 Pro https://t.co/iaPpm16gaF,1408,119,2021-10-27 05:27:49+00:00,2021-10-27
99,99,"Cheers to 23 years! Thank you to all of you who inspire and motivate us to continue building a more helpful Google for everyone. Excited for what's to come...but first, time for some birthday cake! 🎂🎉 https://t.co/ul6cISij2b",18813,1289,2021-09-27 16:34:47+00:00,2021-09-27
131,131,"RT @SusanWojcicki: #Tokyo2020 is here and we're proud to be giving you over 5,000 hours of content to watch on @YouTube thanks to our partn…",0,54,2021-07-27 02:08:07+00:00,2021-07-27
132,132,Can't wait to see everyone's #PermissiontoDance moves! 🕺💜 #Shorts https://t.co/7HOtJsaa8z,15491,4171,2021-07-23 22:50:58+00:00,2021-07-23
133,133,Might need to work on my surfing skills 🌊 chrome://dino/ https://t.co/OqDn3RHLGg,13601,704,2021-07-23 05:38:24+00:00,2021-07-23
134,134,"Our latest #GoogleDoodle game is the most complex one we’ve ever created, inspired by 16-bit Japanese video games of the 90's with more than 4 hours of gameplay...let the games begin!
https://t.co/upPzd3VWRN",3407,612,2021-07-23 04:49:39+00:00,2021-07-23
135,135,@VeraJourova @Google Thank you VP Jourová for a great discussion. We look forward to continuing our work together on this important topic.,85,3,2021-07-23 04:46:33+00:00,2021-07-23
136,136,RT @rincon_p: Only a fraction of proteins expressed by the human genome have had their structures determined. In work carried out by DeepMi…,0,128,2021-07-23 01:17:47+00:00,2021-07-23
137,137,"The AlphaFold database shows the potential for AI to profoundly accelerate scientific progress, greatly expanding our accumulated knowledge of protein structures and the human proteome overnight. 
https://t.co/Q3ijgLPtwz https://t.co/lBqY19mr2w",2711,324,2021-07-22 15:19:50+00:00,2021-07-22
189,189,"In honor of Asian Pacific American Heritage Month, today’s Doodle celebrates Japanese-American short story author Hisaye Yamamoto. We're committing $10M to support orgs &amp; efforts for the safety, dignity and equity for the Asian &amp; Pacific Islander community
https://t.co/Y1cIBgMDIF",1781,146,2021-05-04 14:19:05+00:00,2021-05-04
190,190,RT @LorraineTwohill: I have played and watched basketball all my life. So proud to see this come to fruition. #WNBAChangemaker https://t.co…,0,55,2021-05-04 01:25:22+00:00,2021-05-04
191,191,@PoppyHarlowCNN @Google Appreciate the conversation @PoppyHarlowCNN and thank you for continuing to bring awareness to the Covid crisis in India and beyond.,306,21,2021-04-28 21:01:40+00:00,2021-04-28
192,192,"Excited for this partnership with @Univision to help them innovate, inform, and engage Spanish-speaking audiences around the world (and Bienvenido a Twitter, Thomas!) https://t.co/f4mBP0QUqg",1255,111,2021-04-26 20:30:27+00:00,2021-04-26
193,193,"Devastated to see the worsening Covid crisis in India. Google &amp; Googlers are providing Rs 135 Crore in funding to @GiveIndia, @UNICEF for medical supplies, orgs supporting high-risk communities, and grants to help spread critical information.
https://t.co/OHJ79iEzZH",53066,10323,2021-04-26 03:53:54+00:00,2021-04-26
225,225,"Congrats @JeffBezos , best wishes for Day 1 and Earth fund. Congrats @ajassy on your new role!",20048,861,2021-02-02 21:33:20+00:00,2021-02-02
226,226,"RT @MKBHD: Hot take: Samsung has the most improved, most accurate portrait mode on any smartphone camera right now with the S21 https://t.c…",0,2236,2021-02-02 18:02:36+00:00,2021-02-02
227,227,@noam @Google @waze Thanks for your focus on customers and the amazing journey @noam and best wishes!,535,11,2021-02-02 17:56:14+00:00,2021-02-02
228,228,"Excited to partner with you + your team, @jimfarley98 to apply the best of Google Cloud, Android and Google AI to help @Ford transform its business and build automotive technologies that keep people safe &amp; connected on the road. https://t.co/SWkvUkM8lG",2486,252,2021-02-01 16:36:33+00:00,2021-02-01
232,232,"Welcome to my hometown @englandcricket wish was there for the game, should be a great series https://t.co/BNRDOQnnyO",100015,8365,2021-01-27 07:52:02+00:00,2021-01-27
233,233,"RT @SusanWojcicki: Today I updated the YouTube community on our priorities for 2021. Read more about our plans to grow the creator economy,…",0,103,2021-01-27 00:21:51+00:00,2021-01-27
234,234,"To help get vaccines to more people, Google is providing $150M to promote vaccine education &amp; equitable access, and opening up our spaces for vaccination sites as needed. On Search &amp; Maps, we’re making it easy to find when + where to get a vaccine. 
https://t.co/Iep0n0Dv47",7834,1007,2021-01-25 08:01:58+00:00,2021-01-25
235,235,"We applaud @POTUS's quick action on COVID relief, the Paris Climate Accord, and immigration reform. Google has supported action on these important issues &amp; we look forward to working with the new administration to help the US recover from the pandemic + grow our economy.",16278,881,2021-01-20 22:32:06+00:00,2021-01-20
236,236,"One of the greatest test series wins ever. Congrats India and well played Australia, what a series #INDvsAUS",302771,38288,2021-01-19 07:42:59+00:00,2021-01-19
248,248,RT @stshank: Google #Pixel5 Night Sight. Chamisa by moonlight. https://t.co/mI92kQHg2G,0,49,2020-10-30 03:27:53+00:00,2020-10-30
249,249,"RT @pbump: First spotted by @dansinker, this is just a remarkable correlation. 

Google searches for ""loss of taste"" and ""loss of smell"" ve…",0,880,2020-10-30 03:27:42+00:00,2020-10-30
251,251,@DavidMalpassWBG Thanks @DavidMalpassWBG @WorldBank for an engaging conversation on addressing the barriers to digital connectivity in emerging countries. Proud to partner with you to help bring the benefits of technology to more people around the world.,66,9,2020-10-19 19:22:01+00:00,2020-10-19
254,254,"Such a nice moment, congrats to Paul Milgrom and Robert Wilson for their Nobel Prize! https://t.co/HeqffRWo5a",8027,722,2020-10-12 21:30:17+00:00,2020-10-12
266,266,"RT @ruth_franklin: According to Jewish tradition, a person who dies on Rosh Hashanah, which began tonight, is a tzaddik, a person of great…",0,57316,2020-09-19 01:32:02+00:00,2020-09-19
267,267,Saddened by the loss of one of our true heroes. Justice Ginsburg’s legacy will ensure that women will always have a seat at the table (and on our highest court) -- America is a better country because of her service.,7604,454,2020-09-19 01:17:27+00:00,2020-09-19
269,269,"As we kick off #HispanicHeritageMonth this week, we’re proud to support Latino-owned small businesses with new #GrowWithGoogle ""Paso a Paso” workshops and other free online training programs, as well as a $3M @Googleorg grant to @BeHIPGive's #PowerUpFund 
https://t.co/lIaaqbYxPS",868,83,2020-09-16 22:45:13+00:00,2020-09-16
270,270,"Today at @greentech_fest, we shared more about Google’s next decade of climate action, including @Googleorg's €10M Impact Challenge which will fund bold ideas in support of Europe's goal to become the first carbon-neutral continent. https://t.co/F4p9S7MQZC",2404,270,2020-09-16 16:32:58+00:00,2020-09-16
271,271,RT @peard33: Google aims to run on carbon-free energy by 2030 https://t.co/nGURKGdIiq,0,200,2020-09-15 01:00:37+00:00,2020-09-15
278,278,"Excited that Android 11 starts rolling out today, with better ways to communicate, new ways to manage your devices &amp; media, and even more control over your data and privacy.  https://t.co/KSFYYPgajr",7276,1023,2020-09-08 17:05:41+00:00,2020-09-08
279,279,"Working together, the @DeepMind and @GoogleMaps teams are using AI to improve the accuracy of real time ETAs in Maps by up to 50% in cities across the globe https://t.co/Zj3pWKZpRR",5370,515,2020-09-03 17:22:49+00:00,2020-09-03
280,280,"As severe flooding continues to impact millions in South Asia, we’re expanding our AI-powered flood forecasting to include all of India &amp; adding coverage in Bangladesh, providing greater detail on timing + water depths in alerts in 9 new local languages.
https://t.co/G5i5zPtgAD",8354,1248,2020-09-01 16:22:58+00:00,2020-09-01
305,305,"As countries start to re-open, we’re dedicated to helping people and businesses recover faster - starting with new commitments in Europe, the Middle East and Africa to help 10M people learn new skills, find jobs and grow their businesses. 
https://t.co/thczhOC9dL",2591,302,2020-07-01 06:10:18+00:00,2020-07-01
324,324,"Proud that @GoogleCloud is partnering with @Telefonica to launch a new cloud region in Spain and accelerate the digital transformation of Spanish businesses. Gracias @jmalvpal for the ongoing collaboration. 
https://t.co/GQdlTdwLO4",1869,405,2020-06-11 06:37:29+00:00,2020-06-11
325,325,"Also excited that in #Android11 we're making improvements on Voice Access, an important accessibility experience https://t.co/K4ILlRiu4S",2895,393,2020-06-11 05:52:43+00:00,2020-06-11
326,326,"Android 11 is now available in beta, with a focus on people, controls and safety. https://t.co/CrTkzqAKJM",5151,675,2020-06-11 05:44:05+00:00,2020-06-11
337,337,"We've re-engineered Google Meet to make secure video meetings free for everyone, with helpful features powered by #GoogleAI like live captions and low-light mode, available now at https://t.co/LBamANQz98
https://t.co/85IVc78W3n",5905,1260,2020-05-12 17:01:35+00:00,2020-05-12
338,338,RT @MountSinaiNYC: .@MountSinaiNYC has teamed up with @GoogleNest to use the latest in video and audio technologies to monitor some of the…,0,73,2020-05-11 22:25:55+00:00,2020-05-11
346,346,#DearClassof2020: looking forward to celebrating you and your achievements on June 6th! https://t.co/ayo2rGZkPc https://t.co/ojfFGxVbGR,2030,373,2020-05-05 20:07:00+00:00,2020-05-05
347,347,RT @rosterloh: We've been helping to facilitate the production of ventilators at Alphabet; this is one of our projects to try to help.  htt…,0,44,2020-05-04 21:24:02+00:00,2020-05-04
348,348,"RT @LorraineTwohill: More grateful than ever for the teachers in my life, including my dad and sisters. Proud of @googleforedu, @drakenic,…",0,33,2020-05-04 16:52:47+00:00,2020-05-04
349,349,Thank you to teachers everywhere working tirelessly to support their students in these tough times &amp; always. This #TeacherAppreciationWeek @Googleorg is providing a grant to @DonorsChoose to help support teachers &amp; students in underserved communities. https://t.co/An0IsAek73 https://t.co/AgDV27gsgj,2138,308,2020-05-04 13:33:38+00:00,2020-05-04
350,350,Starting May 29 @YouTube will be hosting a 10-day digital film festival co-curated by over 20 international film festivals to help raise funds for #COVID19 relief efforts. All programming will be free to audiences around the world. #WeAreOne https://t.co/s3gW4pdF6y,2450,581,2020-04-27 20:00:20+00:00,2020-04-27
357,357,RT @WSJ: Anthony Fauci and Deborah Birx belong to a generation of physicians whose professional lives are bookended by two lethal viruses.…,0,169,2020-04-12 22:31:38+00:00,2020-04-12
358,358,"Andrea Bocelli performs Live from Duomo di Milano with a message of love, healing and hope. Happy Easter! 
https://t.co/s4FXfjWNho",2845,406,2020-04-12 17:24:50+00:00,2020-04-12
363,363,"For students with disabilities, the transition to distance learning can be especially challenging. We’re sharing tips from special education experts and our Chromebook Accessibility team to help educators create inclusive virtual classrooms for all students. https://t.co/0ggDRFNChx",2102,379,2020-04-07 17:31:17+00:00,2020-04-07
364,364,"Starting today, we're launching a #GoogleDoodle series to honor many of those on the front lines in the fight against #COVID19. Today's doodle is dedicated to the public health workers and researchers in the scientific community - on behalf of all of us, thank you. https://t.co/3mgl0NHinp",8716,1399,2020-04-06 16:18:55+00:00,2020-04-06
367,367,"Proud to work with @GavinNewsom &amp; partners to help bridge the digital divide in our home state. We’re providing 4,000 Chromebooks to California students in greatest need &amp; free wifi to 100,000 rural households during the #COVID19 crisis to make distance learning more accessible.",4779,606,2020-04-01 19:43:12+00:00,2020-04-01
368,368,"@TracyGreenBC Thanks for the idea, will pass along to the team!",643,18,2020-04-01 04:12:48+00:00,2020-04-01
369,369,"Proud we're partnering with @CommonSense on https://t.co/QyX2F375SM to help connect educators, students and families to educational resources as they navigate the challenges of learning from home https://t.co/e5MSdFsKxz",1094,237,2020-03-31 19:32:51+00:00,2020-03-31
370,370,"To help those working to combat #COVID19, we’re making a hosted repository of public datasets including those from @JohnsHopkins, @WorldBank &amp; @OpenStreetMap, free to access and query through the COVID-19 Public Datasets Program. 
https://t.co/o53GXBugbp
https://t.co/mXI4oWokKc",2434,879,2020-03-30 16:03:56+00:00,2020-03-30
371,371,"As the world continues to battle the #COVID19 health crisis, searches for how to help healthcare professionals have surged globally. We extend our heartfelt gratitude to all healthcare workers who are sacrificing so much to save others. #NationalDoctorsDay https://t.co/gc5ntrZju3",4798,1087,2020-03-30 07:01:53+00:00,2020-03-30
376,376,You can now find YouTube learning resources and content for families at our new Learn@Home hub https://t.co/uvTuYcsrBT https://t.co/MmszYRkeVa,1683,456,2020-03-24 00:34:39+00:00,2020-03-24
377,377,Happy to help support this great content being made available to kids everywhere https://t.co/q7MXlzSvae,743,91,2020-03-23 22:23:49+00:00,2020-03-23
378,378,"We’re partnering w/ the federal govt + other leaders in technology &amp; academia to provide @GoogleCloud high performance computing resources to researchers working on potential #COVID19 treatments &amp; vaccines. Researchers can apply at https://t.co/2y80s3J8SK
https://t.co/cBwiI9qNuN",3424,697,2020-03-23 20:41:48+00:00,2020-03-23
379,379,"@dgelles Thanks for the chat, David. Stay safe and be well",73,3,2020-03-23 20:38:45+00:00,2020-03-23
382,382,@reckless So much respect and will be rooting for them,719,14,2020-03-19 06:36:25+00:00,2020-03-19
383,383,"We're launching a Transcribe feature in Google Translate that can convert speech into another language as it’s happening. Starting in 8 languages, rolling out to Android today, more to come soon. #GoogleAI
https://t.co/IMWjFgScVx",6521,1493,2020-03-17 19:08:54+00:00,2020-03-17
384,384,"So great to see, and so are many other kids. wish him the very best, love his set-up! https://t.co/3W2myOyTGH",3543,257,2020-03-17 17:37:04+00:00,2020-03-17
385,385,"Since our last update, Google has accelerated our work to help people stay safe, informed &amp; connected. Here’s the latest in our ongoing global #COVID19 response. We’ll keep doing everything we can to help people take care of themselves &amp; their communities
https://t.co/a9fPAJIzuY",1837,505,2020-03-15 20:04:20+00:00,2020-03-15
387,387,RT @SusanWojcicki: Here's what we're doing to help the @YouTube community with regard to Covid-19 and an update for creators and artists wi…,0,122,2020-03-11 17:22:10+00:00,2020-03-11
388,388,"Contributing to social distancing if you are able to, helps the overall community spread and most importantly, will help offset the peak loads through critical healthcare systems and also saves it for people in need. (based on expert advice). Please contribute if you are able to https://t.co/RNUh2kSyIJ",2047,418,2020-03-10 22:03:19+00:00,2020-03-10
389,389,@hackingdata Will have team follow up on DM,474,14,2020-03-08 18:47:40+00:00,2020-03-08
390,390,@Benioff @parkerharris Congrats @Benioff !,297,13,2020-03-08 17:44:52+00:00,2020-03-08
391,391,"Excited for a great game at #ICCWomensT20WorldCup2020 and Happy #InternationalWomensDay! We’re celebrating with a #GoogleDoodle that honors the women who have fought for progress and changed history over generations and around the globe.
https://t.co/IBRCPdwwuD",2598,266,2020-03-08 05:14:11+00:00,2020-03-08
392,392,"As COVID-19 makes its way across the globe, we’re approaching this unprecedented moment with a deep sense of responsibility. Here are a few ways Google is working to be helpful to our employees, users, partners, customers &amp; communities.
https://t.co/Ybr5afsCNy",4758,1065,2020-03-06 20:09:01+00:00,2020-03-06
393,393,"The @DeepMind team is sharing predictions of some protein structures associated with the virus that causes COVID-19, generated by the latest AlphaFold system. We hope this will help researchers around the world in their current efforts.
https://t.co/E6MmAoZD9e",3067,779,2020-03-05 21:03:36+00:00,2020-03-05
397,397,Exciting day @Waymo with the announcement of their first external investment round. Great to see the team’s progress to date and their long-term commitment to making roads safer for everyone. https://t.co/j0Ijgik7UY,858,83,2020-03-02 21:03:58+00:00,2020-03-02
398,398,"@conradtribble @maryamm Yes. We've been carbon neutral since 2007 (incl all our offices &amp; data centers globally), and will continue to be as we grow.",435,27,2020-02-27 06:40:21+00:00,2020-02-27
399,399,"Today I’m pleased to announce that Google will invest more than $10 billion in offices and data centers across the U.S in 2020, creating more opportunities in communities from Massachusetts to Texas. 
https://t.co/zyW4a8l52Z",4445,562,2020-02-26 14:04:19+00:00,2020-02-26
400,400,"RIP Katherine Johnson, inspiring mathematician, leader and trailblazer. https://t.co/qV1XW1TAhD",4094,409,2020-02-24 17:38:36+00:00,2020-02-24
409,409,"This Black History Month, we’ll be celebrating some of the most-searched moments &amp; individuals in America. We’re also making a $3M @Googleorg grant to the @NAACP ACT-SO program, supporting future history makers in STEM, humanities, business &amp; the arts. https://t.co/SwZbVZGqOW",1119,162,2020-01-26 05:08:25+00:00,2020-01-26
410,410,"Wishing each other happiness and prosperity for Lunar New Year!

Today's #GoogleDoodle depicts the ancient legend of the race that earned the rat its premier spot in the calendar → https://t.co/P4JIba7Mx8",1807,146,2020-01-25 23:45:14+00:00,2020-01-25
463,463,"Building on the privacy &amp; security features discussed at #io19, this week we're rolling out Incognito mode on Maps, Auto-delete in YouTube, simpler privacy controls, and even more protection for your passwords with a new Password Checkup feature.
https://t.co/RY8FN966jY",1792,250,2019-10-02 18:46:47+00:00,2019-10-02
482,482,"Today at #GoogleforNigeria, we announced Gallery Go - designed for those who don’t have a reliable internet connection, it brings many of the best @GooglePhotos features on device to help you find, edit and manage your photos even when you’re offline
https://t.co/9H4HkhlvES",1932,270,2019-07-24 13:29:10+00:00,2019-07-24
507,507,"At #io19, we previewed our @GoogleAI efforts to help detect lung cancer. Today we’re publishing our work in @NatureMedicine showing how these methods could boost chances of survival for many people at risk around the world  https://t.co/bH0D502J6g",3117,574,2019-05-20 15:10:31+00:00,2019-05-20
508,508,"This Global Accessibility Awareness Day, we're announcing updates to Live Transcribe, a tool that provides real-time transcriptions on Android. It'll soon show sound events - like a knock on the door - and enable transcripts to be saved on device. #GAAD https://t.co/hMltPZ2S75",1668,289,2019-05-16 17:13:32+00:00,2019-05-16
509,509,"Last week at #io19, we talked about our focus on building products that are private and secure for everyone. Today, we’re excited to open our Safety Engineering Center in Munich, Germany -- serving as a new global hub for privacy and safety engineering. https://t.co/ggxodjBBQa",1612,237,2019-05-14 08:09:23+00:00,2019-05-14
543,543,"Another example of #GoogleAI working at scale to help and protect our users: with our ML models and @TensorFlow, we're now able to detect and block an additional 100M spam messages per day in @gmail https://t.co/MwNqSwJVCz",2520,328,2019-02-07 20:10:02+00:00,2019-02-07
544,544,"Today, we’re introducing two new updates that will help keep your data secure: Password Checkup, a Chrome extension that helps protect your accounts from third party data breaches, and a new feature called Cross Account Protection #saferinternetday
https://t.co/L4JSztM69Q https://t.co/CuHKYF1Ghh",3529,897,2019-02-05 21:11:14+00:00,2019-02-05
