,Unnamed: 0,Text,Likes,Retweets,Date-Time,Date
0,0,"@mit_nano @AMD A true honor and privilege to be part of @mit_nano’s mission training and educating the future leaders in semiconductors and nanotech.  Excited for all the future discoveries coming from @mit’s great students, faculty and researchers!",89,2,2022-04-10 16:34:51+00:00,2022-04-10
6,6,Excited to soon welcome the @XilinxInc team to the @amd family next week!!!  The best is yet to come….. 😁 https://t.co/hp48sli1aX,1417,173,2022-02-10 14:02:26+00:00,2022-02-10
7,7,"Happy Lunar New Year to all our @AMD friends and families around the world.  Wishing everyone a very happy, healthy and prosperous year of the Tiger! https://t.co/mhmvrS3pzq",1962,175,2022-01-31 11:38:33+00:00,2022-01-31
8,8,Thanks to all who joined our #AMD2022 Product Premiere.  Look forward to a lot more to come for @AMDRyzen @Radeon this year! https://t.co/aoZtgKX3pe,2553,214,2022-01-05 13:25:27+00:00,2022-01-05
9,9,Happy New Year and welcome to 2022!  We are kicking off the year with lots of new tech - hope you will join us for our #AMD2022 Product Premiere on January 4th at 7am PT: https://t.co/ixOLhxjkuM https://t.co/DT0pXHiLXw,3151,452,2022-01-03 14:00:28+00:00,2022-01-03
15,15,Proud to see Azure announce DCasv5/ECasv5 confidential VMs powered by 3rd Gen @AMDServer #EPYC with Secure Encrypted Virtualization-Secure Nested Paging (SEV-SNP) to further protect data #ConfidentialComputing. https://t.co/Xs07RdO74v,363,53,2021-11-23 14:26:53+00:00,2021-11-23
16,16,Proud to introduce our 3rd Gen @AMDServer #EPYC “Milan-X” and  @AMDInstinct MI-200 family of accelerators today!  We are all about building the best 😀 https://t.co/lGcjZoUxxX,2880,301,2021-11-08 19:02:05+00:00,2021-11-08
23,23,@emilychangtv @AMD Thanks Emily!  Great catching up with you,97,2,2021-07-29 12:15:37+00:00,2021-07-29
24,24,Enjoyed being on @SquawkStreet this morning with @jimcramer @davidfaber @carlquintanilla.  So proud of Team @amd for the strong execution and great Q2 results!  https://t.co/3gPXC92EfU,1166,133,2021-07-28 14:17:32+00:00,2021-07-28
45,45,"Thanks to everyone who tuned in for my @CES keynote today.  Special thanks to @panos_panay, @EnriqueJLores, @YuanqingYang, @TheSwah, @LewisHamilton and Toto Wolff who joined me virtually to discuss the exciting work we’re doing together.  Amazing year ahead! #CES2021 https://t.co/dpNoZOI7V9",2052,191,2021-01-12 17:57:51+00:00,2021-01-12
46,46,"Thrilled to be part of the first-ever all-digital @CES.  So much to share together with our @AMD friends and partners. Please join me tomorrow, Jan 12 at 11am eastern at #CES2021 https://t.co/Nxdyq70Eru",3494,410,2021-01-11 14:01:19+00:00,2021-01-11
56,56,"Wallace, thank you for your partnership and we look forwards to lots of pics on the great @maingear builds! https://t.co/3zYtuwE3ZM",1878,80,2020-11-09 18:14:53+00:00,2020-11-09
70,70,Congrats @Xbox @XboxP3 - incredible showcase today.  Loved seeing @Radeon RDNA2 + @AMDRyzen in action during #XboxGamesShowcase https://t.co/ddzzJTwog7,2436,268,2020-07-23 22:34:22+00:00,2020-07-23
71,71,Last year on 7/7 we launched our 7nm 3rd gen @AMDRyzen and @Radeon 5000 series together.  Today we celebrate 7/7 with some new @AMDRyzen XT parts.  Enjoy! https://t.co/XJqzIcnJEE,1998,290,2020-07-07 16:20:53+00:00,2020-07-07
82,82,We are honored to join the @WhiteHouse supercomputing partnership alongside other industry leaders working together to fight #COVID19.  @AMD is dedicated to bring high performance compute compute to the brightest minds in the scientific community to fight this pandemic. https://t.co/jBMkeNGyTd,708,115,2020-04-06 16:57:20+00:00,2020-04-06
86,86,Happy #InternationalWomensDay!!Thanks to all the inspiring women around the world who break new ground and continue to push the envelope on what’s possible every day.,839,86,2020-03-08 20:25:00+00:00,2020-03-08
90,90,Thanks for the warm welcome @ChuckRobbins.  Really looking forward to working with you and the @Cisco team! https://t.co/fH0456Eele,371,21,2020-01-28 00:32:15+00:00,2020-01-28
91,91,@ChuckRobbins @Cisco Really looking forward to working with @ChuckRobbins and the @Cisco Board!,72,5,2020-01-28 00:22:08+00:00,2020-01-28
92,92,"To all our @AMD friends and family who are celebrating the Lunar New Year, we wish you all a happy, healthy and prosperous Year of the Rat!  新年快乐 (xīn nián kuài lè)!!🎉",1161,90,2020-01-25 16:14:22+00:00,2020-01-25
96,96,Had fun organizing my collection of goodies 😂.  So proud of all of these products.  Even more excited about what we have in store for 2020!  Happy New Year from all of us at @AMD!! https://t.co/DSHEvCpTdK,3619,327,2020-01-01 15:38:48+00:00,2020-01-01
97,97,@firstadopter @AMD Thanks @firstadopter!  2019 was a great year and all focus now on 2020! Happy New Year!,71,1,2019-12-31 22:53:30+00:00,2019-12-31
116,116,Thank you @AntonioNeri_HPE for the partnership on @AMDServer and all the support on #EPYC.  Proud of our 37 world records and counting with @HPE_Servers and look forward to much more!  Enjoyed the tour around your new headquarters today. https://t.co/9o9ettvxnm,511,55,2019-08-12 23:53:55+00:00,2019-08-12
117,117,"Fabulous launch of @AMDServer 2nd gen #EPYC. Thanks to all of our partners @Google, @Azure, @HPE, @Dell, @Lenovo, @VMware, @Twitter, @cray_inc for joining us!  Very proud of every @AMD’er who worked tremendously hard to bring “Rome” to market.... now the fun really begins! https://t.co/T9kv1Y9wXE",927,168,2019-08-08 18:58:34+00:00,2019-08-08
118,118,So proud and honored to partner with @Twitter @jenniferfraser on 2nd gen #EPYC!!  Great crowd with us at our @AMDServer launch event! https://t.co/cDoRTIQCfR,906,108,2019-08-07 21:57:10+00:00,2019-08-07
119,119,"@wccftechdotcom Just for the record, zero truth to this rumor.  I love @amd and the best is yet to come!",2528,437,2019-08-06 12:26:58+00:00,2019-08-06
129,129,Congratulations @Xbox  @XboxP3 on just an amazing vision around gaming.  So honored and proud to create the future of gaming with Project Scarlett together with your incredible team!!!! https://t.co/QdaI2EU7n6,2403,266,2019-06-09 21:35:37+00:00,2019-06-09
130,130,Congratulations @GoogleStadia @MrPhilHarrison.  Exciting set of announcements this morning!! 😀 https://t.co/Out7Fv7LAi,678,75,2019-06-06 18:55:03+00:00,2019-06-06
131,131,So excited to be part of the new @Apple Mac Pro with @Radeon Pro Vega II Duo!!!  The world’s most powerful graphics card......😀 https://t.co/eS2eiTmLZc,1555,208,2019-06-04 03:04:45+00:00,2019-06-04
132,132,"A truly fun time revealing third gen @AMDRyzen, previewing @radeon Navi and thanking our @AMD ecosystem partners at #Computex2019!!  😀👍 https://t.co/3zm5v4tG2M",2835,358,2019-05-28 01:11:26+00:00,2019-05-28
141,141,Honored and excited to keynote at #COMPUTEX2019!!  Thank you @computextaipei for the invitation.  Looking forward to it! 😀 https://t.co/N3gtr5uvAV,1073,152,2019-04-02 12:20:05+00:00,2019-04-02
142,142,Super fun being at #gdc2019 this morning.  Congratulations to @google @sundarpichai @MrPhilHarrison for the launch of @GoogleStadia today.  @AMD is proud and honored to be your GPU partner! Welcome #stadia!! https://t.co/s5I2exOd3i,911,155,2019-03-19 18:27:15+00:00,2019-03-19
148,148,@AdoredTV Jim - thanks for following @AMDRyzen so closely 😀.,978,73,2019-01-28 02:44:17+00:00,2019-01-28
153,153,@sammathews Thanks @sammathews for introducing our audience to @FNATIC and the world of competitive e-sports today!  Great having you at #CES2019!!,72,3,2019-01-10 03:10:40+00:00,2019-01-10
154,154,@GaryShapiro @AMD Thanks @GaryShapiro.  Super fun to keynote today at #CES2019!! Wonderful crowd....,39,0,2019-01-10 01:25:20+00:00,2019-01-10
155,155,So much fun to be on stage with @XboxP3 today at #CES2019!  Thanks for our tremendous partnership on @Xbox and beyond! 🤝 https://t.co/Zrx0xf8q3t,615,77,2019-01-09 19:59:05+00:00,2019-01-09
