,Unnamed: 0,Text,Likes,Retweets,Date-Time,Date
0,0,Eid Mubarak to everyone celebrating around the world! Wishing you a joyous and peaceful holiday connecting with family and friends.,69778,7060,2022-05-01 23:11:44+00:00,2022-05-01
29,29,Celebrating incredible writer/director @sianheder and the amazingly talented @marleematlin as #CODAFilm was honored at #AFIAwards. #WomensHistoryMonth https://t.co/x9lcDL1B4S,4121,251,2022-03-12 21:20:57+00:00,2022-03-12
30,30,"As the east coast of Australia contends with the impact of historic flooding on a devastating scale, our hearts go out to everyone affected and Apple will be donating to relief efforts.",6778,432,2022-03-12 02:21:56+00:00,2022-03-12
31,31,".@Malala’s episode of Time to Walk on Fitness+ is an inspiring journey for us all and an important reminder of the power of education. As she says, “The work for education is always needed, but in this moment it is needed more than ever.”  https://t.co/x3VtyPQewh https://t.co/PNma2ZIrX0",2660,277,2022-03-12 00:22:27+00:00,2022-03-12
36,36,"Marking Steve’s birthday never gets any easier. In these challenging times, I’m remembering his call for us to use our time wisely, to pursue excellence, and to leave the world better than we found it. Today would have been his 67th birthday.",23289,2140,2022-02-25 01:00:06+00:00,2022-02-25
37,37,I am deeply concerned with the situation in Ukraine. We’re doing all we can for our teams there and will be supporting local humanitarian efforts. I am thinking of the people who are right now in harm’s way and joining all those calling for peace.,43512,3467,2022-02-25 00:26:03+00:00,2022-02-25
38,38,Park Chan-wook’s new #ShotOniPhone film plays with genre and masters cinematography while showing the beauty and strength of Korean culture. https://t.co/SVUCxA9zHy,1796,218,2022-02-22 01:31:14+00:00,2022-02-22
45,45,"We believe privacy is a fundamental human right, and the best technology is one that people can trust. At Apple, we’re constantly innovating to give our users more control over how their data is used and the choice with whom to share it. #DataPrivacyDay",10126,1032,2022-01-28 16:29:29+00:00,2022-01-28
62,62,"Wonderful to meet this exceptional group of developers who are this year’s @AppStore Awards winners! Your dedication to bringing new ideas to life has had a global impact, brought us together, helped us learn, have fun, and face complex challenges. https://t.co/ikqKRozvfY https://t.co/XHbRkIqBMz",3152,276,2021-12-02 22:19:30+00:00,2021-12-02
63,63,"Apple has partnered with @RED for 15 years to support its critical work to end AIDS in sub-Saharan Africa. Together we’re helping vulnerable communities access crucial support, providing lifesaving care to millions – which is now more urgent than ever. https://t.co/G01ewMWakY",2202,232,2021-12-01 17:20:59+00:00,2021-12-01
99,99,Congratulations to the cast and crew of @TedLasso on their remarkable Emmy wins including Outstanding Comedy Series! Believe! 👏,12493,637,2021-09-20 12:21:03+00:00,2021-09-20
146,146,"Since the first iPhone, we’ve partnered with Corning in Kentucky to create the most durable glass in a smartphone. Ceramic Shield on the iPhone 12 lineup takes US innovation to new levels &amp; we’re investing across America to find the next breakthrough. https://t.co/yPQlKHjTac",4277,395,2021-05-10 15:11:38+00:00,2021-05-10
147,147,Wishing a very happy #MothersDay to all the mothers in our lives — your strength and compassion only shined brighter through the tough year you’ve helped us through! ❤️,11963,819,2021-05-09 14:08:26+00:00,2021-05-09
150,150,"Teachers have a profound impact on students, including as role models and heroes. Proud to work with @HustonTillotson on this new initiative to increase the number of Black male teachers. Representation matters and will inspire the next generation. https://t.co/I2mzpEy0Bq",2675,306,2021-05-03 13:59:00+00:00,2021-05-03
179,179,"The Equality Act reflects in law the fact that every person deserves dignity &amp; respect, regardless of sexual orientation or gender identity—at work, at home and in the public square. We strongly support its passage, and we encourage Congress to come together and get it done.",5440,647,2021-02-23 16:18:37+00:00,2021-02-23
180,180,"Proud to support the advanced manufacturing at COPAN Diagnostics, helping them scale up to ship more than 15M COVID-19 test kits to hospitals across the US and employ hundreds of people in new jobs to meet the demand. https://t.co/SlIqBkT5Ki",2533,253,2021-02-22 15:54:35+00:00,2021-02-22
191,191,"A pioneer with purpose. Cicely Tyson’s talent redefined theater, film and television. Her courage, resilience and grace changed the entertainment landscape for generations to come. May she Rest In Power. https://t.co/F3kyDpklJ0",4844,425,2021-01-29 02:12:17+00:00,2021-01-29
192,192,"#DataPrivacyDay comes at a time of great challenge, underscoring the critical role privacy and security play in our lives—from safeguarding your health &amp; financial data to guarding against algorithms that perpetuate rampant misinformation. We need transparency and reform.",9691,1549,2021-01-28 14:59:25+00:00,2021-01-28
195,195,"Congratulations to President Biden and Vice President Harris on this historic day. Inspired by your vision of unity and your immediate actions on climate change, immigration and COVID-19. One nation, indivisible.",39525,2421,2021-01-20 23:28:41+00:00,2021-01-20
230,230,The fires across the West Coast and storms hitting the South are a tragic reminder of what’s at stake if we fail to take urgent &amp; bold action against climate change. Grateful to the employees who joined Apple in donating to relief efforts &amp; support for those who’ve lost so much.,9363,736,2020-10-12 00:00:51+00:00,2020-10-12
237,237,"It’s National Voter Registration Day and @AppleNews has a state-by-state guide with registration information, polling locations and other tools you need.  https://t.co/8WsDHwClAb",2674,359,2020-09-22 15:47:58+00:00,2020-09-22
242,242,Game on! 💪💪 https://t.co/za755x80jC,3291,197,2020-09-17 23:20:32+00:00,2020-09-17
243,243,"We’re thrilled that the whole family can enjoy the benefits of Apple Watch with Family Setup! As always, privacy and security are built into everything we make, so your family’s private information stays protected. https://t.co/YX3zoGK5gk",5388,648,2020-09-17 21:03:23+00:00,2020-09-17
244,244,Apple is proud to work with researchers like Dr. Heather Ross. Yesterday we announced our partnership in three health studies to support scientists and medical professionals with critical insights to help power healthcare innovation for the future.⌚️ https://t.co/kpg3uefrHJ,6341,637,2020-09-16 17:39:52+00:00,2020-09-16
245,245,It’s time to get started! 👀 https://t.co/OUTqAbnFDd,27158,3896,2020-09-15 16:55:00+00:00,2020-09-15
246,246,Good morning! T-minus 6 hours! #AppleEvent,97772,10824,2020-09-15 11:00:00+00:00,2020-09-15
247,247,Apple is making additional donations to firefighting and recovery across the West Coast. Our hearts are with those that have lost so much. The fires are an urgent reminder that we must act together to protect the planet we all share.,16036,1247,2020-09-11 17:52:36+00:00,2020-09-11
248,248,"Proud to join @CoachGusMalzahn @coachbrucepearl  and the Auburn family in speaking up for racial justice. Unity means listening, learning and acting. War Eagle! https://t.co/5tiVJMxnNK",2947,287,2020-09-10 21:58:42+00:00,2020-09-10
249,249,Our retail stores bring the best of Apple together and we’re so proud to welcome you to our newest home in Singapore — the breathtaking Apple Marina Bay Sands. Enjoy the view! https://t.co/HGw79nVQI0,23940,2733,2020-09-10 01:36:26+00:00,2020-09-10
251,251,"We’re proud that developers like @Caribu, @HEB &amp; @ShineText are growing their businesses on the App Store. Our iOS developer community now supports 2.1 millions jobs across all 50 states, providing opportunities for Americans in the face of immense challenges https://t.co/2o0JPSAHxZ",2265,243,2020-09-02 22:11:47+00:00,2020-09-02
252,252,"Coach Thompson was a legend not just because of who he was but because of what he gave. He knew that great play began with self-respect, and that belief in his players changed not only the game, but the lives of every person he coached.",3149,253,2020-08-31 16:20:27+00:00,2020-08-31
253,253,"Wishing Warren Buffett a very special 90th birthday — thank you for your leadership, friendship and unwavering commitment to American innovation. https://t.co/tAFQjjL5RL",29137,2018,2020-08-30 18:49:04+00:00,2020-08-30
262,262,"Our National Parks strengthen our connection to nature, to one another, and to the soul of our nation. Apple is excited to build on our partnership with @GoParks and to support their work to preserve our shared treasures for generations to come. https://t.co/2jgX61klod",3213,385,2020-08-24 21:29:07+00:00,2020-08-24
263,263,"To our employees, friends and neighbors affected by the heatwave and expanding fires across CA, please stay safe and listen to local evacuation orders. Apple will be donating to local wildfire relief efforts.",10066,764,2020-08-19 22:21:00+00:00,2020-08-19
264,264,The most beautiful moments of life are often unexpected. Today we celebrate photographers around the world who capture the magic in every day. #WorldPhotographyDay #ShotOniPhone by Celia Luna (IG: celiadluna) https://t.co/4dnuVmLtcw,6879,607,2020-08-19 13:36:14+00:00,2020-08-19
265,265,Music has the power to heal and to bring us together. We’re so excited for listeners around the world to connect with the artists they love and the music shaping culture through Apple Music radio. 🎶 https://t.co/BLR8WUdbgr,4104,502,2020-08-19 00:35:11+00:00,2020-08-19
267,267,"It’s our pleasure to introduce Apple Central World. In December, I visited the team in Bangkok as construction was underway, and I know they can’t wait to help our customers and to share this special space with the whole community. รักษาสุขภาพด้วยนะครับ https://t.co/4wS88GMc0P",22980,7645,2020-07-31 03:03:28+00:00,2020-07-31
268,268,"""Though I may not be here with you, I urge you to answer the highest calling of your heart and stand up for what you truly believe."" Rest in Power John Lewis. https://t.co/CC60lh6Y1I",3592,421,2020-07-30 14:45:22+00:00,2020-07-30
270,270,"30 years ago, the Americans with Disabilities Act was an important milestone on the path to a more equal world. In everything we do, Apple is dedicated to building on that framework so every person has the tools they need to thrive.",6888,593,2020-07-26 14:00:17+00:00,2020-07-26
271,271,"In tribute to his life and mission, Apple will be donating its proceeds from the film ‘John Lewis: Good Trouble’ to the @NCRMuseum and the @NMAAHC to further advance the values he fought for every day. https://t.co/p4hvWI92Wf",3160,467,2020-07-24 18:11:50+00:00,2020-07-24
272,272,"Proud to celebrate 25 years of the Apple Distinguished Educator program and honor the more than 3,000 educators from 45 countries who are using technology &amp; mentorship to transform students’ lives and the future. Your work has never been more important. https://t.co/lYw7OLx8Cm",2818,475,2020-07-23 19:34:17+00:00,2020-07-23
273,273,Our world is more vibrant when everyone has access to the tools they need to realize their dreams. The work these trailblazers are doing showcases what’s possible when technology is designed with accessibility at its core. https://t.co/ZbBp6Szg7b,2544,365,2020-07-23 01:51:24+00:00,2020-07-23
274,274,Congratulations to this year’s @ippawards winners from all around the world! Your extraordinary photos beautifully preserve the moments that make life so magical. Outstanding work! #ShotOniPhone https://t.co/9qZ2xYkrhQ,2575,325,2020-07-22 19:55:17+00:00,2020-07-22
275,275,RT @voguemagazine: .@Apple just released an ambitious 10-year roadmap to reduce its carbon emissions by 75% and meaningfully offset the rem…,0,348,2020-07-21 15:59:23+00:00,2020-07-21
276,276,We’re making a big promise to future generations to do everything we can to protect the planet we all share. It’s a promise we intend to keep. https://t.co/CUdDNw9YdN,6747,985,2020-07-21 15:44:42+00:00,2020-07-21
277,277,"By 2030, Apple’s entire business will be carbon neutral — from supply chain to the power you use in every device we make. The planet we share can’t wait, and we want to be a ripple in the pond that creates a much larger change. https://t.co/bltmlnau1X",20348,3137,2020-07-21 12:21:57+00:00,2020-07-21
285,285,"Like Apple, this nation of immigrants has always found strength in our diversity, and hope in the enduring promise of the American Dream. There is no new prosperity without both. Deeply disappointed by this proclamation.",23289,2786,2020-06-23 12:35:31+00:00,2020-06-23
286,286,"This year’s #WWDC20 student developers are creating apps that do incredible things like help prepare for pandemics, reduce our carbon footprints and connect victims of sexual assault with resources they need. Amazing to see how they’re dreaming big and changing the world. https://t.co/JfmmecC54P",9011,875,2020-06-23 00:34:29+00:00,2020-06-23
287,287,Good morning developers! See you soon! #WWDC20 https://t.co/7HgxrXucwM,41127,7891,2020-06-22 12:48:00+00:00,2020-06-22
288,288,Wishing dads everywhere a happy Father’s Day! Today we celebrate and honor you.,12591,803,2020-06-21 15:30:45+00:00,2020-06-21
302,302,"One of my favorite parts of WWDC is seeing the big ideas and creative approaches student developers take to solve problems. Great to see the success of previous scholarship winners like Joseph, who’s helping users stay fit at home with his app GymStreak. https://t.co/ZQzp2YfPsU",4296,549,2020-05-18 15:49:57+00:00,2020-05-18
314,314,"While protecting your privacy, we are sharing aggregated mobility data from Apple Maps to help public health authorities learn how people travel in their communities and to provide valuable insights to stop the spread of COVID-19. Stay safe and healthy! https://t.co/Nok77HKIXN",4669,960,2020-04-14 17:13:22+00:00,2020-04-14
315,315,"Even though many can’t be physically together, it’s more important than ever to cherish the moments we have with loved ones and friends — they truly are the most precious gifts we can receive. A happy and healthy Easter to everyone celebrating.",10246,1047,2020-04-12 13:45:10+00:00,2020-04-12
320,320,"Apple is dedicated to supporting the worldwide response to COVID-19. We’ve now sourced over 20M masks through our supply chain. Our design, engineering, operations and packaging teams are also working with suppliers to design, produce and ship face shields for medical workers. https://t.co/3xRqNgMThX",48717,10671,2020-04-05 21:43:52+00:00,2020-04-05
323,323,"To trans and non-binary communities around the world this #TransDayOfVisibility: We see you, we support you, and we stand with you.",4847,695,2020-03-31 13:47:48+00:00,2020-03-31
324,324,"We owe an immeasurable debt to every doctor, every nurse, every first responder, every person who is putting their life on the line to save the lives of others. Heroes walk among us. #NationalDoctorsDay",24719,4242,2020-03-30 15:40:47+00:00,2020-03-30
329,329,Proud to share we’ve been able to source 10M masks for the US and millions more for the hardest hit regions in Europe. Our ops teams are helping to find and purchase masks from our supply chain in coordination with governments around the world. https://t.co/uTsA6eA5ks,69360,11100,2020-03-25 19:20:25+00:00,2020-03-25
330,330,"Our teams at Apple have been working to help source supplies for healthcare providers fighting COVID-19. We’re donating millions of masks for health professionals in the US and Europe. To every one of the heroes on the front lines, we thank you.",55914,7658,2020-03-21 20:15:36+00:00,2020-03-21
331,331,"It’s never been more important to support each other.  We’re making a substantial donation including medical supplies to Protezione Civile in Italy, to help the heroic first responders, medical personnel &amp; volunteers working tirelessly to protect &amp; save lives. Vicini all’🇮🇹 ❤️",26449,4201,2020-03-19 16:29:03+00:00,2020-03-19
332,332,Silicon Valley is our home and we know the coming weeks will bring untold challenges for the many small businesses in our community. We are supporting #SiliconValleyStrong to help our neighbors get through these unprecedented times.,5868,592,2020-03-18 20:20:27+00:00,2020-03-18
333,333,"In our workplaces and communities, we must do all we can to prevent the spread of COVID-19. Apple will be temporarily closing all stores outside of Greater China until March 27 and committing $15M to help with worldwide recovery. https://t.co/ArdMA43cFJ",27029,8300,2020-03-14 06:43:35+00:00,2020-03-14
334,334,"Today we honor the women who drive us forward, and we celebrate the generations whose shoulders they stand on. Every woman deserves to be safe and treated equally. #InternationalWomensDay",6503,948,2020-03-08 14:47:50+00:00,2020-03-08
335,335,"RT @repjohnlewis: 55 years ago today, we were beaten, tear gassed, and trampled by horses. I thought I saw death. I thought I was going to…",0,39874,2020-03-07 21:52:16+00:00,2020-03-07
336,336,"To the scientists, the musicians, the athletes, the mothers, the entrepreneurs, the artists, the engineers, the teachers — the women of all generations who drive us forward and show girls everywhere that the future is limitless: We celebrate you. https://t.co/BfNhWOotDX",8577,1604,2020-03-04 16:55:09+00:00,2020-03-04
339,339,Perfect way to end a great day in Alabama. Always love seeing the Bham team at Apple The Summit! https://t.co/zw3O3bsJnz,5779,374,2020-02-28 01:34:05+00:00,2020-02-28
340,340,"Thank you to the students of Oxmoor Valley Elementary and the incredible teachers, principal and staff! Your podcasts and stories are a beautiful celebration of the Civil Rights Movement, and clear evidence that its legacy will always live on. https://t.co/2ZZF6OOWml",1954,169,2020-02-27 22:02:45+00:00,2020-02-27
341,341,"Coding lets students of all ages breathe life into new ideas, solve problems and prepare for the jobs of the future. Honored to join Birmingham’s students, teachers and visionary leaders in opening Ed Farm — a new education hub where students can connect, learn and create! https://t.co/4tbnuwzI9K",3299,398,2020-02-27 18:53:01+00:00,2020-02-27
342,342,"Katherine Johnson was a trailblazer, pushing us to greater heights above Earth with her work at NASA and inspiring generations of women and girls to follow in her footsteps. Our thoughts are with her family and friends as they mourn her passing. https://t.co/uYwiISu8XW",3328,419,2020-02-24 19:14:37+00:00,2020-02-24
343,343,"Thinking of Steve today on his birthday — his friendship, passion, and especially the laughter and joy he inspired. https://t.co/qPMHbzxCsQ",38986,6861,2020-02-24 13:43:35+00:00,2020-02-24
349,349,"Today, we remember the millions of lives lost. Tomorrow and always, we vow to reject cruelty so that it never happens again. “History, despite its wrenching pain, cannot be unlived, but if faced with courage, need not be lived again.”— Maya Angelou #HolocaustRemembranceDay",5393,628,2020-01-27 15:15:10+00:00,2020-01-27
350,350,"Devastated and heartbroken by the passing of Kobe Bryant. I admired his athletic prowess from afar and his humanity close up. He was an original. Our thoughts and prayers are with his family, friends and fans. RIP.",25679,2667,2020-01-26 21:37:58+00:00,2020-01-26
351,351,"As people in China and around the world celebrate the Lunar New Year, we send our love and support to the many impacted by the Coronavirus. Apple will be donating to groups on the ground helping support all of those affected.",12503,1420,2020-01-25 12:42:56+00:00,2020-01-25
399,399,"The best apps can inspire us. They open new doors and can change our lives for the better. We’re thrilled to honor the best apps and games of 2019, celebrating developers large and small from all around the world. https://t.co/wL2yksuSvy",2544,362,2019-12-03 19:30:20+00:00,2019-12-03
400,400,“I’m still amazed at how life-changing one week of hard work at the Apple Entrepreneur Camp can be for a female CEO.” We’re so glad Entrepreneur Camp helps provide app creators like @RepaVictoria with the tools they need for their great ideas to thrive. https://t.co/6EAj1f3uUD,1729,188,2019-12-03 15:02:02+00:00,2019-12-03
401,401,Humanity has never faced a greater or more urgent threat than climate change — and it’s one we must face together. Apple will continue our work to leave the planet better than we found it and to make the tools that encourage others to do the same. https://t.co/26sTnleNep,4001,686,2019-12-02 15:33:58+00:00,2019-12-02
402,402,"Saddened to learn of Pat Sullivan’s passing. Pat exemplified the Auburn Creed: character, integrity, hard work. Pat touched the lives of so many young people that winning the Heisman Trophy was the least impressive thing he did. My thoughts &amp; prayers are with Pat’s family.",5216,438,2019-12-02 02:51:28+00:00,2019-12-02
403,403,"64 years ago today, Rosa Parks changed the course of history by refusing to give up her seat on a bus. In that one act, she stood for equality and justice for all of us. Proud to mark the moment with a visit to Montgomery, AL with @stevenlouisreed. https://t.co/L24UVvlbbw",7040,795,2019-12-01 20:05:13+00:00,2019-12-01
404,404,"This #WorldAIDSDay we mark our 13th year partnering with @RED to fight AIDS in Africa. Since 2006, our customers have helped us raise $220M. AIDS-related deaths have fallen by more than half since 2004. Together we can achieve an AIDS-free generation. https://t.co/h4wnIDGAmq",3787,621,2019-12-01 13:21:09+00:00,2019-12-01
405,405,"Congratulations @CoachGusMalzahn @AuburnFootball One for the ages—we will never, never forget.  We are proud of you.  War Eagle!",8052,831,2019-12-01 02:09:51+00:00,2019-12-01
429,429,Thank you to the visionary teams behind and in front of the camera that have brought the stories of Apple TV+ to life. We’re so excited to share the first of them with you today! https://t.co/ngxVFpNSrB,11884,1141,2019-11-01 18:40:09+00:00,2019-11-01
430,430,Look like future pros to me! Happy Halloween! https://t.co/6R9CRWkynC,35123,4503,2019-10-31 23:06:52+00:00,2019-10-31
431,431,Thrilled to see so much excitement for AirPods Pro all around the world! You’re going to love them. 🎶✈️🚇🏃‍♀️ https://t.co/oClOPhGEgX,10470,961,2019-10-30 16:33:39+00:00,2019-10-30
444,444,Florence is such a special place. It was great to visit with the team and our customers at Apple Firenze. Grazie! 🇮🇹 https://t.co/CILJzlpfjc,4878,300,2019-10-04 11:54:01+00:00,2019-10-04
445,445,"Quality journalism is crucial to all our lives, communities and wider society. Reassured by the passion and desire for truth shown by the students in Firenze tonight, and proud to work with Osservatorio Permanente to help students more accurately understand the world around them. https://t.co/kEWldIN7P9",2663,211,2019-10-03 22:11:19+00:00,2019-10-03
446,446,"Hermès is a timeless example of outstanding craftsmanship and a relentless commitment to excellence —  values we share deeply. Thank you Axel and Pierre-Alexis, it was a privilege to see your team at work today. https://t.co/owvSscuwE2",3660,304,2019-10-02 19:19:27+00:00,2019-10-02
447,447,🎼 @Newzik_App reimagined how orchestras read music — it’s a score on a different level. Thanks to their team and the musicians for showing how it all comes together with a marvelous performance! 🎻 https://t.co/dTARctjibC,1676,154,2019-10-02 17:01:46+00:00,2019-10-02
448,448,Apple Marché Saint-Germain is buzzing with so much creativity! Cool to see how @TyrsaMisu is using iPad Pro to transform his fresh and colorful designs into installations around the world. https://t.co/2BITZuPz3A,2431,175,2019-10-02 13:42:09+00:00,2019-10-02
485,485,"Heartbroken by the loss of my friend Giovanni Buttarelli, a visionary who advanced the cause of privacy in Europe and around the world. Our thoughts are with his family and all who loved him. Giovanni was a great man, and we are forever in his debt. https://t.co/euCLzqc95m",3449,385,2019-08-21 14:59:41+00:00,2019-08-21
498,498,"On this Monday morning, let us remember the wise and timeless words of MLK, “We must learn to live together as brothers or perish together as fools.”",7250,1237,2019-08-05 15:29:29+00:00,2019-08-05
499,499,I'm heartbroken about what's happening in my country. The definition of insanity is doing the same thing and expecting different results. It's time for good people with different views to stop finger pointing and come together to address this violence for the good of our country.,41852,7325,2019-08-04 14:53:10+00:00,2019-08-04
500,500,I'm heartbroken.  Praying for the victims and their families in Dayton.  Grateful for the speed and courage of the first responders.,6103,457,2019-08-04 14:36:33+00:00,2019-08-04
501,501,"Devastated to hear of today’s shooting in Texas. We pray for the victims and their families. Our team at Apple Cielo Vista and the entire El Paso community are close to our hearts, and we’re grateful to the first responders on the scene.",6440,684,2019-08-03 20:44:15+00:00,2019-08-03
502,502,The power of AR meets the creativity of the mind. We’re excited to announce [AR]T — a peek into the imaginations of seven contemporary art visionaries. Coming to #TodayAtApple beginning August 10. https://t.co/pTtYjx6LOy https://t.co/uf7MuEZPmG,3564,728,2019-07-30 13:55:37+00:00,2019-07-30
503,503,"Deeply saddened by the news of the shooting at the Gilroy Garlic Festival, a beloved community tradition in Northern California. Wishing strength and recovery to our neighbors in Gilroy, the victims and their families. Much gratitude to the first responders.",5437,674,2019-07-29 03:43:55+00:00,2019-07-29
528,528,"Forests are more than a natural resource—they’re a lifeline. It’s up to all of us to keep them safe. At Apple we are proud to support enough managed forests to cover all of our packaging needs for generations to come—including 36,000 acres here in the US. #WorldEnvironmentDay https://t.co/j7WEmDpZjl",3079,437,2019-06-05 23:23:17+00:00,2019-06-05
529,529,400 of my Apple coworkers are #Dreamers. They are proud Americans that contribute to our country and our company. I stand with them.  Thanks to the House for passing the #DreamAndPromiseAct.,5744,641,2019-06-05 21:50:38+00:00,2019-06-05
530,530,Sending wishes for a blessed and joyous #EidAlFitr celebration to families and friends observing around the world. Eid Mubarak!,8144,1326,2019-06-04 15:11:57+00:00,2019-06-04
531,531,This is Izabella’s first WWDC and she’s joining us all the way from Brazil. She’s focused on creating technology that helps women get into STEM and stay there. Obrigado Izabella! https://t.co/OZDP1ZTCH5,3086,366,2019-06-04 00:09:41+00:00,2019-06-04
532,532,"Pranav, 13, is from Vancouver, Canada. He recently started creating online video tutorials to help younger learners understand the fundamentals of Swift. https://t.co/Q1i73xIXgp",2554,195,2019-06-04 00:09:41+00:00,2019-06-04
533,533,"Ariana from Los Angeles just turned 18 and this is already her fourth WWDC! She co-founded her app Trill Project to shine a light on mental-health awareness, especially for LGBTQ+ youth, and over the last year it’s formed a community 35,000 members strong. https://t.co/hjT0eLZppv",1058,148,2019-06-04 00:09:40+00:00,2019-06-04
534,534,"Meet Rajvi, 14, and Raj, 16, from Chicago! Both siblings are passionate about designing games and are looking forward to using AR for their next creations. Raj already has three games available on the App Store! https://t.co/zgIEzfCx6V",916,116,2019-06-04 00:09:39+00:00,2019-06-04
535,535,We’re so impressed by the 300+ scholarship winners joining us at #WWDC19. These young people will change the world! I’d like to introduce you to a few of them:,4387,395,2019-06-04 00:09:39+00:00,2019-06-04
536,536,These are some of my favorite moments at Apple — watching years of teamwork and creativity come to life. Congratulations to everyone who played a role in the innovations we announced today! #WWDC19 https://t.co/mpvHT8GuZs,12947,1574,2019-06-03 22:33:26+00:00,2019-06-03
537,537,"It’s a great day for an Apple keynote! See you in a few hours, developers! #WWDC19 https://t.co/uoRhslrjH5",19626,3832,2019-06-03 13:05:44+00:00,2019-06-03
545,545,Congratulations @LisaPJackson! Thank you for your leadership on sustainability. https://t.co/rxCstFemnF,1395,134,2019-05-23 00:42:03+00:00,2019-05-23
546,546,"Thank you to all those who serve — past, present and future. We are grateful to you and your families for the sacrifices you make to keep our nation safe. #ArmedForcesDay",3841,350,2019-05-18 21:32:15+00:00,2019-05-18
547,547,"Music and food are the soul of New Orleans. Love seeing the gumbo of arts, learning and technology at the Ellis Marsalis Center for Music where community becomes family. https://t.co/YDk100ZZ3q",2763,231,2019-05-18 19:25:02+00:00,2019-05-18
548,548,Congratulations to the Tulane class of 2019! Thank you for inviting me to be a part of today’s festivities — ROLL WAVE! 💚🌊,2659,257,2019-05-18 17:59:01+00:00,2019-05-18
549,549,Thanks to the incomparable @ladygaga for helping make our celebration unforgettable. 🌈🎶 https://t.co/tgBJoBTzxo,14145,2270,2019-05-18 07:29:13+00:00,2019-05-18
550,550,"We came together today, in the home you imagined for us, and celebrated your spirit. We love you, Steve. https://t.co/5PccqcBi1c",20502,2593,2019-05-18 04:14:26+00:00,2019-05-18
555,555,Wishing a happy Mother’s Day to all the moms in our lives — at Apple and around the world. We celebrate and thank you for doing the most important job of all. ❤️#HappyMothersDay,8124,755,2019-05-12 13:40:53+00:00,2019-05-12
556,556,"Thanks @MayorBowser, our phenomenal team in Washington, D.C. and everyone who turned out for the grand opening of Apple Carnegie Library! https://t.co/7Q2YIF48tb",2923,274,2019-05-11 18:06:41+00:00,2019-05-11
563,563,"Thrilled to share the news about our new home in Washington, D.C. — Apple Carnegie Library, opening May 11. It’s an honor to continue the legacy of this beautiful building as a place where people seek knowledge and a sense of community. https://t.co/xI3Hi08y7m",7616,1028,2019-05-01 13:34:12+00:00,2019-05-01
564,564,"It breaks my heart to hear of more gunshots and bloodshed, this time at UNC Charlotte. North Carolina has always been a special place for me. Sending love and strength to the people of that great state tonight.",3528,389,2019-05-01 00:43:35+00:00,2019-05-01
565,565,新しい御代の幕開けに心からお祝い申し上げます。『令和』が日本の国に平和と繁栄をもたらす祝福された時代となるよう祈念致しております。🇯🇵 Congratulations on the beginning of the new era! We hope 令和 will be blessed with peace and prosperity for everyone in Japan.,17010,4970,2019-04-30 22:48:32+00:00,2019-04-30
593,593,https://t.co/x3OGOekxc0,62795,10114,2019-03-20 12:31:14+00:00,2019-03-20
594,594,"Proud to be supporting @NewsLitProject, @CommonSense and @opge to help students develop strong critical thinking skills and be better informed citizens. https://t.co/2PKjEWHeLD",1922,258,2019-03-19 23:05:31+00:00,2019-03-19
595,595,Better than ever. 🖥 https://t.co/tAITdojgil,11558,1963,2019-03-19 13:36:38+00:00,2019-03-19
631,631,"Starting and running a business is hard work. We’re thrilled to host these ambitious women, all talented app developers, as they grow their skills in everything from AR to marketing. They’re an inspiration to entrepreneurs everywhere! https://t.co/YayTa4GkFH",2783,401,2019-01-30 17:55:36+00:00,2019-01-30
632,632,We must keep fighting for the kind of world we want to live in. On this #DataPrivacyDay let us all insist on action and reform for vital privacy protections. The dangers are real and the consequences are too important.,6353,1259,2019-01-28 21:40:47+00:00,2019-01-28
643,643,Wishing you a New Year full of moments that enrich your life and lift up those around you. “What counts is not the mere fact that we have lived. It is what difference we have made to the lives of others that will determine the significance of the life we lead.” — Nelson Mandela,15489,2142,2019-01-01 15:42:43+00:00,2019-01-01
