,Unnamed: 0,Text,Likes,Retweets,Date-Time,Date
2,2,"On Admin Professional's Day, I recognize all the admins @Intel for their hard work behind – and directly in front of – the scenes. I can't thank my team enough: you make my work life run smoothly, you keep me sane, and you accept my #torrid pace.",240,12,2022-04-27 16:02:45+00:00,2022-04-27
3,3,"Lovely to have @LeoVaradkar, Tánaiste (Deputy Prime Minister) of Ireland in Santa Clara today! https://t.co/C8FemZrfSl",197,7,2022-04-27 02:27:02+00:00,2022-04-27
23,23,"Could there be a geekier way to share Intel trivia than w/ an old-school video game. #8Bit
https://t.co/s1UZWjb5Ee",198,28,2022-04-01 17:57:47+00:00,2022-04-01
24,24,"During this season of Lent, it is my goal to deepen my faith and grow in friendship with those around me – physically or virtually. Today I will again be praying and fasting, especially for those in Ukraine. Please join me.",335,15,2022-03-31 15:10:48+00:00,2022-03-31
25,25,Congrats to the teams involved! Wonderful! https://t.co/6Mtv0pPT3F,200,17,2022-03-31 15:10:19+00:00,2022-03-31
40,40,@rnivruti @lkouniv Congrats @rnivruti! Proud to have you as part of #TeamIntel,60,5,2022-03-16 16:37:24+00:00,2022-03-16
41,41,"Our own Carolyn Duran, VP &amp; engineering manager, sat down to share about her 23-years at Intel. Read about her work as a woman in tech and how she’s continuing to change the world. #WomensHistoryMonth #InclusionAtIntel #IAmIntel https://t.co/GJHFJv33k2",59,7,2022-03-16 15:14:40+00:00,2022-03-16
42,42,"Thank you, President @vonderleyen. Joining forces between governments and industry is a magnet for further investments in innovation, economies and communities across Europe. #IntelEurope https://t.co/HcYKuWQrgP",150,30,2022-03-15 15:16:55+00:00,2022-03-15
43,43,"Overall, we envision investing up to €80 billion in the EU over the next decade along the entire semiconductor value chain – from R&amp;D to design to advanced chip packaging to manufacturing and foundry services.",71,9,2022-03-15 15:14:16+00:00,2022-03-15
44,44,"Government and industry working together furthers investments in innovation, economies and communities across Europe. We are committed to playing an essential role in shaping Europe’s digital future for decades to come. https://t.co/13DWSDMlID",112,22,2022-03-15 15:13:40+00:00,2022-03-15
45,45,"We call our new planned Germany site the “silicon junction” because it connects the technology hubs across the country and region. (As a geek, I like that junction is a real term to describe a region in a semiconductor.)",183,22,2022-03-15 15:11:43+00:00,2022-03-15
46,46,"That vision begins today, with an initial investment of more than 33 billion euros. There are multiple facets to this, across multiple countries, so let me walk through each one.",109,15,2022-03-15 15:11:00+00:00,2022-03-15
47,47,"Today, I am pleased to announce our European investment plans. This is bigger than one fab or two fabs. This is a holistic investment strategy that will help create a next-gen European chip ecosystem and address the need for a more balanced and resilient supply chain.",930,112,2022-03-15 15:10:35+00:00,2022-03-15
48,48,"Nice way to kick off the week: In an overwhelming show of support from our employees, the Intel Foundation has reached $2 million in total donations for Ukraine Humanitarian Aid.",164,13,2022-03-14 15:53:13+00:00,2022-03-14
49,49,"#WeAreIntel stands w/ people of Ukraine &amp; global community in condemning this war. Thoughts &amp; prayers w/ all in Ukraine, surrounding areas, &amp; all impacted around world.",251,30,2022-03-14 15:52:36+00:00,2022-03-14
57,57,"I am hoping and praying for a swift return to peace in Ukraine and Russia. To our employees in the region and to those who have family and friends in the region, we are here for you. You have our full support during these difficult times.",941,67,2022-02-25 16:18:07+00:00,2022-02-25
58,58,It's Engineers Week (founded by @NSPE in 1951). Special thanks to @WeAreIntel Engineers this week - as well as the other 51.,128,8,2022-02-23 17:49:43+00:00,2022-02-23
65,65,@SandraLRivera Tell me Moore’s Law is alive and well without telling me Moore’s Law is alive and well. #IAmIntel,64,6,2022-02-18 00:27:17+00:00,2022-02-18
66,66,"Today, @SandraLRivera previewed our dual-track Xeon roadmap to offer both a performance core and an ultra-efficient core family for our Xeon servers to meet the needs of a growing segment. I am excited about this!
https://t.co/X8XHtOrKhh",128,18,2022-02-18 00:22:35+00:00,2022-02-18
67,67,"The team and I are honored to present our strategy, roadmap and execution for growth our annual investor day today. Listen in and hear why we are confident our best days are yet ahead.
https://t.co/pWfvFez9Ri",240,27,2022-02-17 16:16:05+00:00,2022-02-17
68,68,"Since its founding, Intel has thrived on the relentless pursuit of semiconductor invention and innovation as described by Moore’s Law. Here's the future of it. https://t.co/uDob5rFzJR",213,34,2022-02-16 17:14:41+00:00,2022-02-16
69,69,Congratulations Siavash Alamouti! A well-deserved honor for someone who has contributed so much to the industry. #TechAsAForceForGood https://t.co/yo9K5Al52W,41,3,2022-02-16 16:34:07+00:00,2022-02-16
95,95,"As a community college kid myself, thrilled to share @Intel @Dell &amp; @AACC are selecting 10 community colleges for $400,000 in grants to build AI labs. In the U.S. demand for STEM workers is forecasted to grow over 10% this decade. https://t.co/jL0k1YsSWI",236,28,2022-01-27 18:32:58+00:00,2022-01-27
96,96,"RT @intelnews: Intel’s disciplined focus on execution is reflected in our fourth-quarter and full-year 2021 financial results, says @PGelsi…",0,24,2022-01-27 18:32:17+00:00,2022-01-27
118,118,"Fantastic @Mobileye updates coming from #CES2022. Thanks Prof. @AmnonShashua for providing an update on the mobility industry and taking us ""under the hood."" #AltogetherWonderful https://t.co/pn9DIPzEID",122,22,2022-01-05 22:34:20+00:00,2022-01-05
119,119,"Great job, team @intel, representing our latest innovations! The fastest mobile processor ever, the Intel® Core™ i9-12900HK!  This one is must-see TV for geeks. https://t.co/6UvsoQh9jt",121,15,2022-01-04 18:49:33+00:00,2022-01-04
120,120,"What an action-packed event! From Mobileye's new EyeQ chip to the best gaming laptop to discrete graphics shipping, today's wave of innovations has me excited for the opportunities of tomorrow.",289,21,2022-01-04 18:49:33+00:00,2022-01-04
141,141,You've heard me emphasize the importance of the CHIPS Act. Check out this podcast with #WeAreIntel @tommgarrisongives &amp; @morhardt for additional details about it. https://t.co/As8sLoDSN1,44,9,2021-12-07 19:22:54+00:00,2021-12-07
142,142,We’re grateful to have the support of @SecRaimondo &amp; @WhiteHouse to invest in U.S. chip production and are hopeful that the bipartisan #CHIPSAct will pass by the end of this year. https://t.co/b1BYDfVgwR,51,6,2021-12-07 19:22:31+00:00,2021-12-07
143,143,"Since my first ride in an @Mobileye AV, I have been blown away by the incredible innovation that Mobileye brings to the auto and mobility sphere.",54,4,2021-12-07 14:39:35+00:00,2021-12-07
144,144,"Today we are excited to announce @Intel’s intent to take @Mobileye public, unlocking value for @Intel shareholders as we continue building on Mobileye’s track record of innovation and growth. https://t.co/kfsz7vtR2r",338,63,2021-12-07 14:39:07+00:00,2021-12-07
145,145,"Thank you @RonWyden for inviting me! It was wonderful speaking with you, @SenJeffMerkley and @portlandgeneral CEO Maria Pope today. (reposted w/ correct handles)",46,1,2021-12-06 22:14:00+00:00,2021-12-06
146,146,"It’s an honor to be back “home” in Oregon at my first Oregon Business Plan Summit as Intel’s CEO. OR is critical for Intel – the heart of our manufacturing R&amp;D as well as near to my heart, having raised my kids here.",261,8,2021-12-06 19:51:29+00:00,2021-12-06
147,147,Tech as a force for good improves lives! https://t.co/ZJAS6LKsn9,141,12,2021-12-06 17:19:01+00:00,2021-12-06
148,148,On this final night of the Festival of Lights - #HappyHannukkah to all who celebrate!,149,6,2021-12-06 00:45:16+00:00,2021-12-06
149,149,"Let your light shine before others, that they may see your good deeds and glorify your Father in heaven. - Matthew 5:16",226,8,2021-12-05 19:33:31+00:00,2021-12-05
190,190,"My open mic audition ... think I got the part? 
Check out our line-up of speakers for Intel Innovation next week! https://t.co/fJg92eNIzU #IntelOn https://t.co/OJhNxF4pVd",176,15,2021-10-22 19:27:43+00:00,2021-10-22
191,191,Can’t wait to geek out with developers at Intel Innovation next week! https://t.co/fJg92eNIzU #intelON,143,25,2021-10-21 18:31:37+00:00,2021-10-21
192,192,"I will join EU Commissioner Thierry Breton for a livestreamed conversation on the semi shortage: the EU Chips Act, the ""third way"" proposal to enhance its strategic autonomy and the important role #intel can play. Ask a question using code #CERREchips. https://t.co/ZlVJ5l7W2h",88,14,2021-10-20 16:15:44+00:00,2021-10-20
193,193,"We got to open the @intel museum so I could geek out with @inafried with @axios before we sat down to talk about technology, corporate responsibility, manufacturing, global supply chain and more. Great conversation!",205,14,2021-10-20 00:31:10+00:00,2021-10-20
282,282,"The security of our products is one of our most important priorities. We strive to design, manufacture and sell the world’s most secure technology products, and we are continuously innovating and enhancing security capabilities for our products. https://t.co/s8uYEgqP8M",150,27,2021-07-21 18:01:31+00:00,2021-07-21
283,283,We were honored to host President George W. Bush at our Government Affairs Advisory Committee meeting to discuss his time in the Oval Office and the challenges facing the semiconductor industry. https://t.co/8yAY6UUQOT,744,32,2021-07-21 01:07:54+00:00,2021-07-21
389,389,Thanks for having me on today. https://t.co/IMT14BTEzP,69,3,2021-04-23 20:44:17+00:00,2021-04-23
390,390,Thanks for having me on! https://t.co/uq5rDDMLlb,191,18,2021-04-23 20:30:16+00:00,2021-04-23
391,391,Always fun to be on @MadMoneyOnCNBC with @jimcramer. Thanks for having me today!,149,3,2021-04-22 22:48:23+00:00,2021-04-22
392,392,"Great chatting with @AntonioNeri_HPE about the next wave of innovation across networking, AI, Edge &amp; many ways @intel and @hpe are building for the future. Congrats on the launch of your Gen10 Plus portfolio! https://t.co/KK4Y7211pW",90,27,2021-04-22 19:52:57+00:00,2021-04-22
393,393,Happy Earth Day 2021! Here's to a year that significantly accelerates our progress toward addressing the world’s most critical challenges.,204,18,2021-04-22 12:48:09+00:00,2021-04-22
425,425,Please join us April 6 for the launch of the latest 3rd Gen Intel® Xeon® Scalable Portfolio at an event where we will unveil the next chapter in our edge to cloud vision. https://t.co/bCJvcuRPhR,274,42,2021-03-25 23:59:52+00:00,2021-03-25
426,426,"Intel is proud to continue expanding in #Arizona with two new fabs to increase our U.S. semiconductor manufacturing capacity. Thank you, Governor @DougDucey, for your continued partnership and support. https://t.co/oAZxR1iSra",286,39,2021-03-25 20:08:01+00:00,2021-03-25
427,427,"Thank you, @SecRaimondo, for your support for domestic investment in semiconductor innovation and manufacturing. We look forward to partnering with @CommerceGov and the Biden Administration to help grow the U.S. economy. https://t.co/qklD7JE6gQ",67,6,2021-03-25 17:36:00+00:00,2021-03-25
428,428,"Intel’s advanced #manufacturing scale is critical for the U.S. and the world, and we are investing $20 billion in two new state-of-the-art fabs in #Arizona to help meet growing demand for semiconductors. That's only the start! https://t.co/vivmpZAtOv",434,57,2021-03-25 01:24:29+00:00,2021-03-25
429,429,"Thank you, @satyanadella, for your continued support of the historic @Intel + @Microsoft partnership of innovation. As we undergo this ""radical"" transformation with chips becoming more specialized and the cloud becoming more optimized, customer collaboration is critical.",934,69,2021-03-24 00:59:00+00:00,2021-03-24
430,430,"Thank you, @arvindkrishna, for joining me today in the @intel Unleashed webcast to announce the #intel and #IBM research collaboration to accelerate next-generation logic and packaging technology innovation. Together, our brilliant teams can make a profound mark on the industry.",486,49,2021-03-23 23:58:27+00:00,2021-03-23
431,431,Intel's future is bright and its best days truly are ahead. And I'm about to share why in our Intel Unleashed event. Tune in here at 2 p.m. PT today. https://t.co/2M6UBrY1D3,469,71,2021-03-23 20:45:10+00:00,2021-03-23
471,471,"@steveathanas @VMware @intel @MyVMUG Was always great working with you Steve, thank you for everything.",2,0,2021-01-28 15:02:30+00:00,2021-01-28
472,472,@VrealizeC @VMware @intel What a great photo. I'll miss these family fun runs!,2,0,2021-01-28 15:01:56+00:00,2021-01-28
473,473,"@AmandaBlev @VMware @intel Thank you for the kind words, it's been honor to work with folks like you - folks who truly embody VMware's culture.",4,0,2021-01-27 15:11:12+00:00,2021-01-27
474,474,@intel @VMware Looking forward to joining the Intel team once again!,62,1,2021-01-27 15:10:53+00:00,2021-01-27
475,475,"@jbeda @VMware @intel What a great photo. My first onstage VMworld selfie - a moment I will never forget! Thanks for sharing and good luck to you, Joe.",13,0,2021-01-27 15:10:31+00:00,2021-01-27
476,476,@leecaswell @vmwarevsan Go vSAN indeed! I'll always be rooting for you and the team.,21,1,2021-01-26 15:16:50+00:00,2021-01-26
477,477,"@RenuUpadhyay3 Thank you, Renu! I've found that humility and positivity are some of the most powerful leadership forces one can possess.",2,0,2021-01-26 15:16:27+00:00,2021-01-26
478,478,"@dhewett12 Thanks for the kind words, and for the hilarious GIF. I'll have to save this one.",0,0,2021-01-25 15:03:59+00:00,2021-01-25
479,479,"@_drbruced Thank you, Bruce! Wishing you all the best. Will miss these runs!",10,1,2021-01-25 15:03:28+00:00,2021-01-25
480,480,"@jonfortt @intel True story! I do see some overlap between farming and tech (and likely much more to come). After all, they’re called “server farms” for a reason 😊",132,2,2021-01-25 15:02:55+00:00,2021-01-25
481,481,"We love because he first loved us.
1 John 4:19",413,27,2021-01-24 15:31:02+00:00,2021-01-24
482,482,@vJoeAdams @VMware @vmwocto Congrats on both fronts!,4,0,2021-01-20 14:46:28+00:00,2021-01-20
483,483,Wow! Thank you all for the overwhelming notes for the last 8 years at @VMware and the overwhelming welcome home to @intel. https://t.co/TEY3A9FfK7,622,15,2021-01-19 14:59:41+00:00,2021-01-19
487,487,"There will always be a place for face-to-face interaction in nearly every industry. As we slowly begin to emerge from the pandemic, when and how will it be used? https://t.co/lICcSgKy3v",86,15,2021-01-12 17:49:04+00:00,2021-01-12
488,488,"@JoelThorNeeb Good suggestion, I’ve quite enjoyed my interactions with Scott and will add this to my reading list. Thanks Joel!",1,0,2021-01-11 23:52:09+00:00,2021-01-11
517,517,@thecloudxpert @VMware Hope you get to enjoy some time off!,3,0,2020-12-21 15:06:17+00:00,2020-12-21
518,518,"This is absolutely right. I encourage every leader to examine the matrix laid out in this article. The ""perfect mix"" of leading through crisis involves expecting results and making tough decisions, we’ve termed it “Empathy + Urgency.” https://t.co/cskywil0Xu",46,3,2020-12-17 17:14:04+00:00,2020-12-17
519,519,"Since we announced @VMwareSkyline back in 2017, we've seen exceptional growth across its customer base. Congrats on the great momentum, and thank you to our entire Skyline team! https://t.co/VYrvhmY398",54,9,2020-12-17 16:08:13+00:00,2020-12-17
520,520,@LaurenYoung @VMware Thanks for the conversation!,1,0,2020-12-16 15:03:45+00:00,2020-12-16
521,521,"Interesting analysis from @McKinsey outlining which work-related tasks can effectively be done from home. I like the graph that lays out a ""theoretical maximum"" share of time spent working remotely by industry. IT at 70% - I think we can go even higher! https://t.co/ujbrQMsglq",47,4,2020-12-16 15:03:25+00:00,2020-12-16
535,535,"Rejoice always, pray continually, give thanks in all circumstances; for this is God’s will for you in Christ Jesus. 
1 Thessalonians 5:16-18",99,4,2020-11-29 16:51:04+00:00,2020-11-29
566,566,@MatthewLammi Grateful to have you on the team!,1,0,2020-10-23 14:29:08+00:00,2020-10-23
567,567,"Interesting research here. Organizations can talk about values and social responsibility, but what matters most is authenticity. https://t.co/FDrYFbunw9",53,6,2020-10-22 14:13:06+00:00,2020-10-22
666,666,I see several opportunities for emerging technologies such as edge computing and #AI to help make cities safer and more efficient long term. Great use cases outlined here. https://t.co/9vCQscViAO,76,18,2020-07-24 16:47:05+00:00,2020-07-24
667,667,"Wow! About 1/3 of these I’ve already read so – many of you share my preferences. My next read wish list is now full for the rest of the year. Debt, Frederick Douglass, Meditations, SuperFreakonomics, Iger, Medici are all now on my list! Thank you!
https://t.co/sKaMCnVC1p",29,2,2020-07-23 14:54:05+00:00,2020-07-23
668,668,This articles lays out several interesting ideas for the future of learning amidst the pandemic. It's an opportunity for us to democratize access to higher education. https://t.co/lcU234iGXU,34,1,2020-07-22 19:43:04+00:00,2020-07-22
669,669,@wattersjames I couldn't agree more.,7,1,2020-07-22 15:27:19+00:00,2020-07-22
670,670,"@netvirt @GregL_VMware Thanks Marcos, hope you enjoyed! #RunNSX #RADIO",5,0,2020-07-22 15:26:34+00:00,2020-07-22
671,671,"@VMware Fast Internet 
Standing Desk 
Widescreen Monitor (thanks @Dell team!)",57,1,2020-07-22 15:25:29+00:00,2020-07-22
708,708,Thank you for demonstrating your commitment. I am with you. I encourage all VMware employees to take advantage of our now-doubled employee donation match. So proud to have you on the VMware team. https://t.co/Tptfr844jq,214,19,2020-06-11 22:13:03+00:00,2020-06-11
709,709,"Reading Martin Luther King Jr.'s ""Letter from a Birmingham Jail"" again this week was moving to my soul, hope you all take a chance to do so as well: 
https://t.co/73lU3AsWnW",101,12,2020-06-10 17:01:07+00:00,2020-06-10
710,710,"@letsGab_ @Refinery29 Thanks for sharing this article. It was really insightful, I learned a lot.",6,1,2020-06-10 15:32:03+00:00,2020-06-10
736,736,"As leaders, the most important question you must be able to answer effectively is ""why."" https://t.co/EmIBZTsPlR",38,4,2020-05-18 21:11:03+00:00,2020-05-18
737,737,"Reliable and efficient connectivity is proving to be one of the most important pillars of the global technology (and societal) landscape, particularly during this difficult time. #5G
https://t.co/0C3o7uWVa3",38,5,2020-05-18 15:49:03+00:00,2020-05-18
738,738,"Our motivation to make the world a better place is what makes all the difference. #Faith
https://t.co/sda0BtTwYm",78,7,2020-05-17 16:18:04+00:00,2020-05-17
756,756,"I love this roundup of tips for creating a remote-friendly workforce, many coming from some of our inspiring customers. I completely agree: “Work Is What You Do, Not Where You Go.” https://t.co/tF9McaOzq8",96,15,2020-04-30 22:30:14+00:00,2020-04-30
762,762,"Wishing everyone a happy Earth Day. #Sustainability is core to our mission at VMware, I'm so proud of our amazing team and the progress we have made. Every Bit Counts. @NicolaAcutt #RebootTheEarth https://t.co/UuJdQC7iPa https://t.co/8w3U9lkC3a",41,5,2020-04-22 19:08:06+00:00,2020-04-22
763,763,"Huge shout out to Adam Chow in our Atlanta office, who has been using 3D facial recognition technology in cell phones to create reusable PPE masks that better fit people for better protection – Wow! https://t.co/7dfQ5U9b87 https://t.co/qsIla2Htip",223,36,2020-04-21 17:56:14+00:00,2020-04-21
764,764,"Shout out to the vExperts in our Cloud Provider program… Nice work!!
https://t.co/zIEiuodUdj",82,13,2020-04-20 18:33:02+00:00,2020-04-20
765,765,@ShadyMalatawey Congrats!,7,0,2020-04-20 15:50:57+00:00,2020-04-20
766,766,"Nice summary of how we've been handling the COVID-19 crisis at VMware, to ensure our employees are empowered to continue working. Thanks @baskiyer https://t.co/VmrkcRpJMy",57,14,2020-04-19 20:30:07+00:00,2020-04-19
767,767,"""Fear not, for I am with you; Be not dismayed, for I am your God. I will strengthen you, Yes, I will help you, I will uphold you with My righteous right hand."" Isaiah 41:10",263,15,2020-04-19 16:30:04+00:00,2020-04-19
772,772,"@vPedroArrow As always, great to be on the show. I need one of those cowboy hats!",7,0,2020-04-14 15:47:47+00:00,2020-04-14
773,773,"Thank you, VMware Partners, for all that you do! https://t.co/hYFPAIkBwy",79,17,2020-04-13 17:42:56+00:00,2020-04-13
774,774,Great summary here of the ways to support a remote workforce and the crucial digital workspace offerings for business continuity. Thanks @brianmadden. https://t.co/IT5B3RrRfk,96,34,2020-04-13 15:39:03+00:00,2020-04-13
780,780,"On #WorldHealthDay this year I wanted to highlight @MercyShips, a VMware customer near and dear to my heart. Thank you for everything you do for our global community! https://t.co/D3cz1UYkBJ",91,4,2020-04-07 22:30:10+00:00,2020-04-07
781,781,@darrylcauldwell @VMwareTanzu This is awesome. Training the next generation of VMware employees? :),6,0,2020-04-07 15:59:45+00:00,2020-04-07
782,782,"We are so excited to be working with @VodafoneGroup on their network virtual infrastructure roll-out across Europe, at a time when reliable networking capabilities are more important than ever before. Thanks for the fantastic partnership! https://t.co/t6FjA5Z6Zi",144,21,2020-04-07 15:43:03+00:00,2020-04-07
783,783,"Have I not commanded you? Be strong and courageous. Do not be afraid; do not be discouraged, for the Lord your God will be with you wherever you go. Joshua 1:9",435,42,2020-04-05 18:30:06+00:00,2020-04-05
795,795,Kudos to these CEOs for their approach to transparency. Big step in the right direction. https://t.co/cRHWcs8Mvn,51,2,2020-03-26 22:30:06+00:00,2020-03-26
796,796,"Timely discussion here. When in crisis mode, it can be extremely difficult to look at the broader picture and make rational decisions. These tips have been very helpful to me the last few weeks. https://t.co/aWtuS4nd8C",107,20,2020-03-25 16:34:04+00:00,2020-03-25
797,797,"We’re working to help our customers get through this tough time. Hearing stories such as this one from @PreferredMutual, about the ways our virtual desktops are helping. “Business as usual” is not an option, we must do everything we can to help. https://t.co/2uzLlWIHdW",93,41,2020-03-24 16:39:10+00:00,2020-03-24
798,798,"One of the key steps we are taking is to double the Matching Gift that employees are eligible to donate for 2020, so they can support communities in need during this difficult time.",73,7,2020-03-23 23:15:33+00:00,2020-03-23
799,799,"Dear children, let us not love with words or speech but with actions and in truth. 1 John 3:18",242,22,2020-03-22 18:30:05+00:00,2020-03-22
804,804,"Every year at VMware, Pi Day is a chance for us to celebrate the ""infinite"" possibilities of giving back to our communities. This year, we had 22,000 employees support more than 10,000 nonprofits in 97 countries. So proud of the team on this. https://t.co/sz61stIHYg",98,19,2020-03-16 17:00:27+00:00,2020-03-16
805,805,"Yes. we must do everything for the right reasons. Like the late Clayton Christensen used to say, “It's easier to hold your principles 100 percent of the time than it is to hold them 98 percent of the time.” #faith https://t.co/iKyKlpfsR6",57,4,2020-03-15 16:30:08+00:00,2020-03-15
806,806,"Jack Welch was an important role model in my life. His life story has truly been an incredible one. Thank you for everything, Jack. https://t.co/3YAQjJkHVo",90,2,2020-03-14 18:30:08+00:00,2020-03-14
807,807,@rolmk @MyVMUG So glad to hear that. Really enjoyed spending time with all of you !,3,0,2020-03-13 16:12:59+00:00,2020-03-13
808,808,Honored to be nominated by #POTUS to the National Security Telecommunications Advisory Committee. https://t.co/70NiBUIItR,497,54,2020-03-12 16:30:23+00:00,2020-03-12
809,809,"John has an incredible story of overcoming adversity and embracing change. I'm honored to call him a friend. Thank you for continuing to inspire us, great video! @johnmacleanfndn https://t.co/oy4jBMH4yP",21,3,2020-03-11 21:30:08+00:00,2020-03-11
810,810,"Today marks a new chapter in our journey here at VMware. Excited to announce the launch of our VMware #Tanzu portfolio. Congrats to the many, many people who helped get us here. https://t.co/MUIlkQeynu",467,198,2020-03-10 12:06:03+00:00,2020-03-10
811,811,Technology innovation has always been at the forefront what we've done as a company for the past two decades. Please stay tuned on March 10 as we talk more about the next phase in this journey.  #AppModernization2020 https://t.co/wYqeyoi1Cp,120,30,2020-03-09 22:51:47+00:00,2020-03-09
812,812,"Wanted to congratulate our newly minted #vExperts. Congrats all, nice work!! https://t.co/68kUBUEYAH",162,21,2020-03-09 16:30:19+00:00,2020-03-09
813,813,"Gender inequality is a pressing issue facing the #workplace and the globe today. On #InternationalWomensDay, let's take some time to reflect on combating inherent bias to make the world a more inclusive place for all.
https://t.co/uUYAopHCQ7",89,13,2020-03-09 00:30:36+00:00,2020-03-09
814,814,"Love your enemies, do good to those who hate you, bless those who curse you, pray for those who mistreat you. Luke 6:27-28 #faith",323,40,2020-03-08 18:30:08+00:00,2020-03-08
815,815,"While experiencing some stress is important for success, too much can have a negative impact and actually make you less productive. I agree with several of these points; #mindfulness could be the next important workplace skill. 
https://t.co/P1S4MWDqVa",87,18,2020-03-06 19:05:02+00:00,2020-03-06
816,816,"In a fast-paced environment where others rely on your decisions, it can be incredibly difficult to make the right decision. I really like this set of tips from McKinsey on the best way to go about the decision-making process.
https://t.co/PDTcVwyXcX",63,11,2020-03-05 18:30:08+00:00,2020-03-05
822,822,@feraldata 👋 from California!,0,0,2020-02-28 19:40:56+00:00,2020-02-28
823,823,Great reminiscing with a few folks from our team in the Middle East… last time I visited we climbed pyramids together! Thanks for stopping by. https://t.co/125I0Q7Aao,88,4,2020-02-27 19:30:26+00:00,2020-02-27
824,824,"Taking criticism is both difficult and crucial for success. I really like this set of tips for more effectively accepting feedback. Most importantly: don't take things personally. At the end of the day, we are all fighting for a common/shared goal. https://t.co/ARK12Rcusg",166,33,2020-02-26 23:30:07+00:00,2020-02-26
825,825,In case you couldn't hear me… THANK YOU! Special shout out to our #VMUG leaders. @MyVMUG https://t.co/n1ayIkdokt,175,25,2020-02-25 20:30:11+00:00,2020-02-25
826,826,@BillGates and @melindagates are philanthropic role models for all of us. This is an interesting look at the ways the Gates Foundation is spending their money and what has proved successful. https://t.co/ittYgiP8kG,6,0,2020-02-24 17:30:22+00:00,2020-02-24
827,827,"Do not seek revenge or bear a grudge against anyone among your people, but love your neighbor as yourself. I am the Lord. Leviticus 19:18",274,12,2020-02-23 18:30:10+00:00,2020-02-23
828,828,"Thomas Edison would have turned 173 last week. Described as America's greatest inventor, he had a huge impact on the industrialized world. He is certainly one of my greatest inspirations! #innovation https://t.co/XOj7R1hpMG",65,12,2020-02-22 19:30:08+00:00,2020-02-22
850,850,"My family is my biggest blessing. It's why I always talk about the importance of #WorkLifeBalance. With a little effort, it's possible to successfully enjoy all aspects of your life! https://t.co/MKYqQGRhRt",154,15,2020-01-24 16:30:06+00:00,2020-01-24
851,851,"Today more than ever, businesses have an opportunity to integrate purpose-driven strategies into their operations in a meaningful and sustainable way. https://t.co/5cJlqLru9n",74,20,2020-01-23 19:30:09+00:00,2020-01-23
852,852,So disappointed to miss World Economic Forum this year. Navigating #Davos on two good legs is challenging… on crutches… !!! Best wishes on the tremendous dialogue and insights that will emerge! @wef #wef20 https://t.co/DYpNidrriG,92,13,2020-01-22 20:30:13+00:00,2020-01-22
853,853,"Cultivating a healthy mindset is crucial to becoming an effective #leader. Great suggestions here for the ""relationships"" that can help make this happen. https://t.co/9yxnzZgnRK",52,11,2020-01-22 18:00:18+00:00,2020-01-22
854,854,"@aaronbuley Totally agree, Aaron. I've found that it can often be easier to add priorities than cut them. But it's definitely worth it!",4,0,2020-01-22 17:46:10+00:00,2020-01-22
