,Unnamed: 0,Text,Likes,Retweets,Date-Time,Date
0,0,"RT @judsonalthoff: In Q3, @Microsoft partnered with customers to help them innovate amid uncertainty. Through supply chain disruptions and…",0,54,2022-04-25 18:52:05+00:00,2022-04-25
1,1,"Every day, we must do our part to protect our planet from the impacts of climate change, and technology has an important role to play. https://t.co/nXjoCNzlVv",772,95,2022-04-22 16:11:19+00:00,2022-04-22
2,2,"As @KraftHeinzCo’s preferred cloud platform, we’ll apply the power of Azure to accelerate the company’s digital transformation and build a more resilient supply chain. https://t.co/d3J16ZYWiR",245,36,2022-04-21 16:49:59+00:00,2022-04-21
4,4,"We’re removing limits on how and where you work with Windows 11 and Windows 365. Together, they bring the power of Azure computing to Windows computers. https://t.co/hSkSOuoG68",989,173,2022-04-05 16:36:23+00:00,2022-04-05
5,5,"RT @Lindsay_Rae_M: ""The one thing that is constant is that every one of us has a family, regardless of whether it is a family tree that con…",0,17,2022-04-05 01:10:14+00:00,2022-04-05
14,14,"Today, we’re introducing new capabilities to help customers protect identities, devices, applications, and data holistically across clouds. https://t.co/d7ipK8459t",625,81,2022-02-23 15:52:08+00:00,2022-02-23
24,24,"Thank you to my colleagues across the globe who continue to volunteer and give to the causes and communities they care about. Giving is core to our culture, and you are exemplifying this every day. https://t.co/GjGEa6LXYl",1178,108,2022-01-26 19:29:18+00:00,2022-01-26
25,25,RT @panos_panay: The last two years have had a profound impact on us all. As the way we live has shifted so too has the Windows PC adapted…,0,166,2022-01-26 15:28:57+00:00,2022-01-26
26,26,"RT @judsonalthoff: As we navigate this new era of the pandemic, our customers continue to accelerate their digital transformation journeys…",0,44,2022-01-24 19:10:53+00:00,2022-01-24
27,27,"Today, we're expanding our partnership with @FedEx, bringing together their data and insights with the Microsoft Cloud to provide merchants with better visibility into their supply chains and offer customers more integrated and efficient ways to shop. https://t.co/nmDkuwXtsH",2014,244,2022-01-24 15:25:05+00:00,2022-01-24
30,30,"For the last two years, frontline workers have been key to keeping our society and economy functioning in the midst of historic constraints. Our new Work Trend Index report sheds light on their experiences and the role technology can play to empower them. https://t.co/WLZhXT4wVM",509,92,2022-01-12 15:14:17+00:00,2022-01-12
32,32,"The Windows 11 devices being introduced by our partners at #CES2022 this week are delivering new innovations in security, sustainability, and more. https://t.co/EJNahzXq4T",686,78,2022-01-05 19:41:20+00:00,2022-01-05
35,35,"In a time of great constraints, people continue to use technology to help the world overcome. I am inspired by what you have done in 2021, and optimistic that you will continue to drive change in the chapter ahead. https://t.co/7WS1sGLjRv",1410,289,2021-12-13 20:49:47+00:00,2021-12-13
41,41,Our new datacenter region in Belgium will help organizations across the public and private sectors accelerate their digital transformation with the Microsoft Cloud. https://t.co/g14koQJtVZ,777,133,2021-11-23 19:38:44+00:00,2021-11-23
59,59,"The future of development is cloud-native and infused with AI. At GitHub Universe, we’re introducing new capabilities to help developers build the next generation of software. https://t.co/XcfXAK39V9",1149,149,2021-10-27 18:42:14+00:00,2021-10-27
60,60,"Sustainability is an existential priority for our society and for every business, and we’re creating an entirely new business process category to help organizations address this very urgent need. https://t.co/ftGAVijh2z",429,75,2021-10-27 14:53:22+00:00,2021-10-27
61,61,"RT @judsonalthoff: In my conversations with Microsoft customers, it's clear that embracing continuous innovation is key to overcoming busin…",0,35,2021-10-25 19:53:26+00:00,2021-10-25
71,71,"RT @scottgu: Comprehensive data management is critical for businesses worldwide. I am excited to announce the GA of Azure Purview, which he…",0,42,2021-09-28 16:45:53+00:00,2021-09-28
76,76,"@kaifulee Congratulations @kaifulee and @ChenQiufan on your new book, which presents a nuanced vision for the future of AI and what it could mean for all of us.",80,7,2021-09-20 16:26:21+00:00,2021-09-20
93,93,"Thanks to our partnership with @HPE, we’re bringing the power of Azure to the International Space Station, ensuring astronauts can analyze data from space in minutes. https://t.co/SWprss8YrL",1388,259,2021-08-18 15:52:07+00:00,2021-08-18
151,151,"Today, we are expanding our commitment to use our resources and technology to help bridge the disability divide and help make a difference in the lives of the more than 1 billion people with disabilities around the world. https://t.co/2PmIU1gshx",773,159,2021-04-28 15:06:43+00:00,2021-04-28
152,152,"RT @judsonalthoff: In Q3, we saw customers across industries embracing @Microsoft cloud technology to deliver more intuitive, data-driven e…",0,34,2021-04-26 19:01:23+00:00,2021-04-26
153,153,"I am heartbroken by the current situation in India. I’m grateful the U.S. government is mobilizing to help. Microsoft will continue to use its voice, resources, and technology to aid relief efforts, and support the purchase of critical oxygen concentration devices.",60135,8884,2021-04-26 02:02:17+00:00,2021-04-26
207,207,"Announcing new devices and tools to help keep students engaged and improve outcomes, anytime and anywhere learning happens. https://t.co/DVXakxT6RL",986,133,2021-01-19 21:39:14+00:00,2021-01-19
208,208,Last hour of the last day of the last test. Test series for the ages. Congrats to Team India!,85739,6212,2021-01-19 15:20:31+00:00,2021-01-19
209,209,"Together with @Cruise and @GM, we will apply the power of Azure to make autonomous transportation mainstream. https://t.co/KZIaY1LvSw",1289,203,2021-01-19 14:19:57+00:00,2021-01-19
246,246,"Today, we’re launching the next generation of console gaming – with the Xbox Series X, our most powerful console ever, and Xbox Series S, which offers next-gen performance in our smallest console ever. https://t.co/kgYnHiJwdZ",3147,292,2020-11-10 18:17:22+00:00,2020-11-10
249,249,"Microsoft Cloud for Healthcare is now available. It brings together capabilities from across our full tech stack to help enhance patient engagement, empower health team collaboration, and improve data insights. https://t.co/UgmqtpHAZf",1019,179,2020-10-28 20:46:13+00:00,2020-10-28
250,250,"Together with @C3_AI and @Adobe, we’re bringing to market a new class of industry-specific CRM solutions, powered by Dynamics 365, to help organizations digitize their operations and unlock real-time insights across their business. https://t.co/M8HNDroXjM",344,64,2020-10-26 18:47:23+00:00,2020-10-26
251,251,"RT @judsonalthoff: Customers like @Verizon, @PepsiCo, @MercedesBenzUSA &amp; @LandOLakesInc are embracing cloud-focused business strategies and…",0,44,2020-10-26 15:46:09+00:00,2020-10-26
261,261,What a beautiful example of how technology can help maintain human connection and time-honored traditions in the most difficult of circumstances. https://t.co/r2M60ceUuu,371,64,2020-10-12 20:54:45+00:00,2020-10-12
262,262,"When we build AI, we must do so responsibly. We are expanding our efforts to ensure AI models are inclusive of all communities, including people with disabilities. https://t.co/Of6fytBaSO",843,136,2020-10-12 16:47:21+00:00,2020-10-12
263,263,"@CarolBTome @JulieSweet @hansvestberg @cristianoamon @ChuckRobbins @e_cousens @GaryShapiro @ForestWhitaker Thanks, @CarolBTome. On days I get it right, I start my day with a run and end it with a good book. What are you doing to stay well, @Kevin_Johnson?",8,3,2020-10-10 03:29:49+00:00,2020-10-10
276,276,"The case for tech intensity has never been more urgent, and we’re adding new capabilities across our tech stack to help every organization be resilient and transform in a world of unprecedented constraints. #MSIgnite https://t.co/YIFYtWM6y6",1202,276,2020-09-22 16:40:56+00:00,2020-09-22
277,277,"Looking forward to #MSIgnite tomorrow, where we’ll be sharing how anyone can reach new heights with our platforms and tools. I hope you’ll join us! https://t.co/8NKc1xt7oF",1751,259,2020-09-21 22:11:48+00:00,2020-09-21
278,278,"We must protect our most finite resource – the planet – by working towards a more sustainable future, which is why we’re announcing our commitment to be water positive by 2030. https://t.co/v6qlr1SlWe",1113,163,2020-09-21 19:09:50+00:00,2020-09-21
279,279,"Three billion people look to gaming for entertainment, community, and achievement and our ambition is to empower each of them, wherever they play. Today is a step forward on that journey as we welcome the beloved studios and franchises of @Bethesda to @Xbox https://t.co/LENQCXTwBg",9636,1478,2020-09-21 13:03:17+00:00,2020-09-21
280,280,"It was so much fun to throw the virtual first pitch at the Mariners game today, with the help of @DaveValleMLB, @Halo, and some of my Spartan friends. Go #Mariners! https://t.co/xoQwEkCP19",1810,175,2020-09-20 20:17:00+00:00,2020-09-20
282,282,"What a great honor for the Fed Cup to be named after tennis trailblazer @BillieJeanKing. We’re partnering with Billie and the International Tennis Federation to apply technology to shape the future of the sport for coaches, players, and fans. https://t.co/FZkdK0N9dG",527,59,2020-09-17 17:14:09+00:00,2020-09-17
283,283,"This #HispanicHeritageMonth, we’re celebrating the tenacity and resilience of the Hispanic and Latinx community – and highlighting stories of their important contributions and enduring strength. https://t.co/7g9dOBJJfW",252,45,2020-09-16 22:48:47+00:00,2020-09-16
284,284,"Bill Gates Sr. is an important part of the Microsoft story; he helped shape our culture, played a vital role in our community, and influenced our philanthropic programs. We send our condolences to the Gates family and gratitude for Bill Sr.'s enduring legacy. https://t.co/Qu6FcumNa8",4343,400,2020-09-15 22:34:42+00:00,2020-09-15
289,289,"Congratulations to the grand prize winners of our hackathon! This year, we had more than 65,000 virtual participants – a testament to the dedication, ingenuity, and passion of our employees around the world. https://t.co/P7aou29oBL",1073,143,2020-09-01 22:08:16+00:00,2020-09-01
299,299,Excited to partner with the @NBA to reimagine the game experience with Microsoft Teams Together mode. So fans can feel like they’re together from the safety of their homes and players experience the energy of cheering fans in the arena. https://t.co/nIKmRXlasl,1179,266,2020-07-24 20:27:57+00:00,2020-07-24
300,300,RT @scottgu: .@Microsoft is excited to be working with @MSCI_Inc to help investors better optimize their clients’ performance capabilities…,0,27,2020-07-23 23:26:41+00:00,2020-07-23
301,301,"RT @jennylayfluffy: As we kick off our celebration of #ADA30, sharing new videos series sharing simple things we can ALL do to be more incl…",0,52,2020-07-23 22:16:34+00:00,2020-07-23
302,302,Reimagining our world together https://t.co/YfhwNRiZ00,901,170,2020-07-22 16:00:24+00:00,2020-07-22
311,311,"We’re partnering with @Citrix to apply the power of Azure to reimagine how and where work gets done, helping customers seamlessly and securely connect their employees to their applications, so they can be more agile and productive wherever they are. https://t.co/sJirbQOJHL",1512,317,2020-07-14 18:16:27+00:00,2020-07-14
312,312,"RT @MicrosoftAU: Together with @NAB, we've announced a five-year multi-cloud partnership to co-design, develop and invest in NAB and BNZ's…",0,33,2020-07-14 01:32:35+00:00,2020-07-14
313,313,"Congratulations to each of our Microsoft Partner of the Year Award winners, finalists and nominees! Thank you for your ingenuity and commitment to empower our customers and have impact in your communities. https://t.co/cQDqZ9LsTl",1283,118,2020-07-13 20:12:01+00:00,2020-07-13
314,314,"Together with @Allscripts, we’re applying the power of our cloud to help transform healthcare, with smarter, more scalable technology for patients and providers. https://t.co/WXfL3RJyPF",503,88,2020-07-13 15:58:13+00:00,2020-07-13
316,316,"Together with @Adobe, we’re expanding our work with @WBA_Global, applying the power of Dynamics 365 to deliver more engaging and personalized omnichannel experiences for their customers around the world. https://t.co/KSrML0WRuM",287,52,2020-06-30 20:33:59+00:00,2020-06-30
317,317,"COVID-19 has created both a public health and an economic crisis, and as the world recovers, we need to ensure no one is left behind. https://t.co/hfQ2tOdMhQ",1600,518,2020-06-30 16:11:35+00:00,2020-06-30
322,322,Happy Pride Month! We’re expanding our commitment to non-profits fighting for LGBTQI+ equity and also sharing new ways for anyone to show their pride. https://t.co/ghmvZFBxu9,599,87,2020-06-16 20:08:33+00:00,2020-06-16
323,323,"Today's Supreme Court decision is an important milestone in the hard-fought journey for equal treatment for LGBTQI+ people in the workplace, building on the foundation set by the Civil Rights Act of 1964. Let’s use this decision as a catalyst to drive progress in our society.",3956,574,2020-06-15 20:10:34+00:00,2020-06-15
339,339,"RT @jennylayfluffy: Time flies! Today marks the 10th anniversary of #AbilitySummit and our first virtual, open to public event. 

This year…",0,60,2020-05-27 19:44:02+00:00,2020-05-27
354,354,"Today, we announced a $1 billion investment in Poland over the next 7 years – including a new datacenter region – to accelerate the country’s growth. https://t.co/ugIbsesFIu",2419,461,2020-05-05 17:35:13+00:00,2020-05-05
355,355,What a powerful story of a Microsoft colleague who connected her personal experience with her work and used the company as a platform to make a difference. https://t.co/sSL1o3U6as,691,117,2020-05-04 23:57:16+00:00,2020-05-04
356,356,"We’re introducing new capabilities to help 1 billion people using Windows 10 work, learn and play. https://t.co/GMFy95aL7p",600,118,2020-05-04 19:48:00+00:00,2020-05-04
357,357,It has never been more important to come together and support those who are most vulnerable. We're offering two fantastic experiences as part of the #AllInChallenge. Learn more at https://t.co/F5kics9Vve https://t.co/f41UNdl6KI,1923,446,2020-05-04 17:00:43+00:00,2020-05-04
358,358,"@JulieSweet Thanks Julie, for the partnership and for all the work you’re doing to support customers across industries during this time.",192,7,2020-05-04 04:10:11+00:00,2020-05-04
366,366,RT @katebehncken: The work of non-profits around the world has never been more important. Microsoft Philanthropies is committed to empoweri…,0,37,2020-04-21 17:11:20+00:00,2020-04-21
367,367,Inspiring to see the creativity of educators working to keep students connected and engaged in new ways. https://t.co/BVuSGoNPG5,571,121,2020-04-21 00:53:21+00:00,2020-04-21
368,368,"Together with @UNICEF, we’re launching a digital learning platform to support children and youth around the world who are studying remotely. https://t.co/TbdFKYGCft",1413,356,2020-04-20 17:58:34+00:00,2020-04-20
371,371,RT @TomBurt45: Cyberattacks are targeting healthcare and human rights workers fighting COVID-19.   To help protect them during this time of…,0,100,2020-04-14 19:35:37+00:00,2020-04-14
372,372,"Amidst the uncertainty of these extraordinary times, we’re seeing organizations around the world adapt and innovate. We’re proud to support them, providing the platforms and tools to help teams work together, even while working apart. https://t.co/Wb3aKUIy8h",915,193,2020-04-14 13:31:16+00:00,2020-04-14
373,373,Nonprofits are working tirelessly to combat COVID-19. We're providing technology like Azure to critical care and first response nonprofits to support them in helping those most in need. https://t.co/0X4aUtbA1f,724,172,2020-04-13 20:11:47+00:00,2020-04-13
378,378,"Together with BlackRock, we’re applying the power of Azure to deliver new capabilities for financial services customers and collaborating to improve access to sustainability data to help address one of our world’s most pressing challenges. https://t.co/eGC5JkVfGp",441,104,2020-04-07 23:04:52+00:00,2020-04-07
379,379,RT @MicrosoftEDU: Our congratulations and gratitude to this year’s graduating class of Newcastle University. Thank you for sharing this mom…,0,39,2020-04-06 22:28:47+00:00,2020-04-06
380,380,It’s great to see how the NBA and its players are bringing a new type of competition to fans with Xbox and Xbox Live. https://t.co/ceUOGzjgST,988,126,2020-04-04 01:55:39+00:00,2020-04-04
381,381,"RT @peteratmsr: We've gathered enough computing power with @immunitybio to get to precise models in matter of days, to reveal precisely the…",0,100,2020-04-01 15:59:56+00:00,2020-04-01
382,382,Fantastic to see the creativity of students using Minecraft to maintain the sense of community and belonging that is so important in times like this. https://t.co/1mP1GpSJuN,1015,212,2020-03-31 23:25:24+00:00,2020-03-31
383,383,"RT @Azure: Bringing together the power of #Azure and the speed of 5G to create a whole new world of possibilities.

Introducing our new fam…",0,99,2020-03-31 21:11:56+00:00,2020-03-31
384,384,"As manufacturers work to accelerate the production of ventilators for the NHS, we're supporting them with access to the latest technology, including mixed reality and collaboration tools. https://t.co/Qh1o6YK8o1",780,212,2020-03-31 14:20:15+00:00,2020-03-31
385,385,"With many of us working and learning remotely, it’s never been more important to stay connected and on top of what matters. https://t.co/VB77J5kzw7",713,233,2020-03-30 17:31:55+00:00,2020-03-30
388,388,"Great to see how gaming is helping students, teachers and parents connect, learn and stay engaged. https://t.co/6nL5fNaNIG",783,140,2020-03-24 19:15:45+00:00,2020-03-24
389,389,"We're partnering with the CDC to make its Coronavirus Self-Checker available to all. In addition to helping users self-assess using CDC's protocols, it will free healthcare workers to provide critical care to those who need it most. https://t.co/i9G9Et6DyS",1817,634,2020-03-23 13:00:12+00:00,2020-03-23
390,390,Coming together to combat COVID-19 https://t.co/cwfksZhKwd,2503,698,2020-03-21 19:23:48+00:00,2020-03-21
392,392,@ocsdltfco @justinchando @AnthonySalcito @MicrosoftTeams Thank you @ocsdltfco and @MissMurdocksLab for your dedication to your students – and for sharing your experience so that others can learn from you.,57,2,2020-03-19 21:12:09+00:00,2020-03-19
393,393,RT @Microsoft: Microsoft Teams' 44 million users have generated more than 900 million meeting minutes every day this week. As organizations…,0,418,2020-03-19 16:57:01+00:00,2020-03-19
394,394,"The daily workflow of all of our jobs is changing fast, with many working remotely – often for the first time. Here are some of the learnings we’ve had at Microsoft over the past weeks. https://t.co/vvm5d8Og7k",846,345,2020-03-19 00:36:47+00:00,2020-03-19
395,395,"As we work to address the impact of COVID-19, the research community is coming together to make everything we know about the virus broadly accessible. https://t.co/JIKR1jxM1k",848,295,2020-03-18 20:54:46+00:00,2020-03-18
396,396,"RT @Microsoft365: During this challenging time, it's inspiring to see how @mystlukes is leveraging @MicrosoftTeams to help patients and kee…",0,85,2020-03-11 21:53:01+00:00,2020-03-11
397,397,"As organizations and communities around the world are impacted by COVID-19, we’re learning each day how we can apply technology to be productive, collaborative and maintain a sense of community. https://t.co/tv8t7Ag9fR",1079,328,2020-03-10 22:00:28+00:00,2020-03-10
398,398,"RT @MicrosoftEDU: Thank you for sharing the work you and @UniboMagazine are doing to equip students and faculty with remote learning tools,…",0,54,2020-03-10 00:41:53+00:00,2020-03-10
399,399,"International Women’s Day is an opportunity to celebrate the contributions of women around the world. As @Lindsay_Rae_M shares, understanding intersectionality, embracing allyship and recognizing privilege will help all of us advance inclusion broadly. https://t.co/7y5g7OrcJ6",428,79,2020-03-08 18:24:37+00:00,2020-03-08
400,400,"We are committed to making public health our top priority, while also addressing the economic and societal impact of COVID-19. https://t.co/MglqVdWRGg",4168,963,2020-03-06 01:18:56+00:00,2020-03-06
402,402,"I was energized to meet so many young innovators in India this week, including Namya Joshi who is training teachers around the world on how to use Minecraft as a learning tool. Their empathy, passion and ingenuity will change our world for the better. https://t.co/iF2GxUGkSq",1371,267,2020-02-26 18:15:52+00:00,2020-02-26
403,403,"We’re expanding our partnership with @Telefonica to deliver our cloud services – spanning Azure, Microsoft 365 and Dynamics 365 – from new datacenters in Spain, helping customers accelerate their digital transformations. https://t.co/exMMM8wBc4",734,221,2020-02-25 15:36:50+00:00,2020-02-25
404,404,Katherine Johnson will be remembered not just for her contributions to the early years of the space program but for how she helped NASA evolve into a more enlightened organization. Her legacy is a powerful example of how one individual can be a catalyst for change. RIP Katherine.,1243,192,2020-02-24 17:13:42+00:00,2020-02-24
409,409,"Here’s my conversation with Matt Comyn of @CommBank on how digital technology is reshaping his industry, as well as the launch this week of X15 Ventures, which will build the next generation of Australian digital businesses using our platforms and tools. https://t.co/HPxy2XKPd5",247,54,2020-02-03 22:18:18+00:00,2020-02-03
410,410,"RT @MSFTIssues: We are thrilled to announce AI for Health, a new #AIForGood program dedicated to leveraging AI to empower researchers and o…",0,147,2020-01-30 17:58:43+00:00,2020-01-30
411,411,"Celebrating Katie Sowers, whose powerful story is an inspiration. This Sunday, she'll become the first woman ever to coach in the Super Bowl. #SBLIV https://t.co/w3yrAOFV5m",947,187,2020-01-28 16:53:42+00:00,2020-01-28
446,446,"With Surface we are reimagining every layer of the tech stack – from how we infuse AI from the silicon up, to device form factors and the role of operating systems – to put people at the center and empower them to create the world we want to live in. https://t.co/evyoCykBwV",3664,1023,2019-10-02 16:29:00+00:00,2019-10-02
447,447,I’m inspired by the stories of these brave leaders who bring their authentic selves to work each day – and am honored to count them as colleagues. https://t.co/OibmTcFxGp,1223,225,2019-10-02 01:10:46+00:00,2019-10-02
448,448,"Together with @Novartis, we will apply the power of Azure and Microsoft AI to some of the biggest challenges facing the life sciences industry today. https://t.co/AKjlDFNAHa",831,243,2019-10-01 14:11:35+00:00,2019-10-01
449,449,"To mark National Disability Employment Awareness Month, we’re sharing technology that reflects the diverse experiences of our customers and employees. I was amazed when I was first introduced to Code Jumper, I hope you are too. https://t.co/9qG7aKIoZd",765,194,2019-10-01 04:05:15+00:00,2019-10-01
453,453,RT @MicrosoftIndia: We are collaborating with @ErosNow to build a next generation online video platform targeted at South Asian consumers w…,0,68,2019-09-19 15:15:38+00:00,2019-09-19
462,462,RT @JP_Courtois: #AI is transforming agriculture for the better. Read more about how we are partnering with others and using tech to make s…,0,93,2019-08-08 16:27:36+00:00,2019-08-08
463,463,"Fantastic to be with Samsung CEO DJ Koh at #SamsungEvent this afternoon, sharing our vision for a multi-device, multi-experience world. https://t.co/bnrPoOGlRI",2262,336,2019-08-07 23:18:42+00:00,2019-08-07
464,464,"Expanding our partnership with @Samsung to help people be more productive on any device, anywhere – bringing together our intelligent experiences with Samsung’s powerful, new devices. https://t.co/ljWtriQQ9x",1858,418,2019-08-07 21:28:37+00:00,2019-08-07
481,481,"Our @MSMakeCode team is working to empower students to not just imagine the future but to build it – providing them with a free, open source learn to code platform. Take a look. https://t.co/sxpmR5Q2EH",642,182,2019-06-06 17:43:12+00:00,2019-06-06
482,482,RT @CYarkoni: Today @Microsoft announces the deepened support of women tech entrepreneurs with global expansion of IdeaGen and Women in Clo…,0,158,2019-06-05 23:30:30+00:00,2019-06-05
505,505,"Congratulations Melinda, on the launch of your book. It's such a valuable contribution to a topic that couldn't be more important to society today. I've always learned so much from the stories you've shared – and am encouraged that more people will benefit from your insights. https://t.co/Hs1nO63MMr",716,87,2019-04-23 22:28:00+00:00,2019-04-23
506,506,A look at how we’re partnering with leaders in every industry to help them build the digital capability increasingly required to compete and grow. https://t.co/2VjcdCzumo,520,106,2019-04-23 16:32:05+00:00,2019-04-23
507,507,"RT @Microsoft: With the power of #MicrosoftAI, SilviaTerra, and @nature_org we can plant the right trees in the right forests. Find out how…",0,164,2019-04-23 00:39:30+00:00,2019-04-23
