,Unnamed: 0,Text,Likes,Retweets,Date-Time,Date
5,5,Twitter has a purpose and relevance that impacts the entire world. Deeply proud of our teams and inspired by the work that has never been more important. https://t.co/5iNTtJoEHf,23380,3538,2022-04-25 18:54:49+00:00,2022-04-25
8,8,"He’s both a passionate believer and intense critic of the service which is exactly what we need on @Twitter, and in the boardroom, to make us stronger in the long-term. Welcome Elon!",36323,2386,2022-04-05 12:32:51+00:00,2022-04-05
9,9,"I’m excited to share that we’re appointing @elonmusk to our board! Through conversations with Elon in recent weeks, it became clear to us that he would bring great value to our Board.",233145,21548,2022-04-05 12:32:48+00:00,2022-04-05
10,10,The consequences of this poll will be important. Please vote carefully. https://t.co/UDJIvznALB,44094,4265,2022-04-05 01:23:15+00:00,2022-04-05
11,11,"We have a responsibility – particularly during crisis – to:

- Proactively enforce our rules
- Preserve access to @Twitter
- Protect privacy+safety of people on our service
- Prevent efforts to manipulate public conversation
- Promote credible information https://t.co/8hDLpDmwE7",1053,137,2022-03-16 21:02:40+00:00,2022-03-16
16,16,Let’s do it! @leslieberland https://t.co/OCtS1XZyWf,4040,821,2022-01-20 16:45:46+00:00,2022-01-20
22,22,@btaylor @salesforce Congrats Bret!,125,4,2021-11-30 22:01:06+00:00,2021-11-30
23,23,#ThankYouJack https://t.co/zDwtHXltg3,61593,3666,2021-11-30 17:19:38+00:00,2021-11-30
24,24,"Deep gratitude for @jack and our entire team, and so much excitement for the future. Here’s the note I sent to the company. Thank you all for your trust and support 💙 https://t.co/eNatG1dqH6 https://t.co/liJmTbpYs1",65773,11442,2021-11-29 15:59:39+00:00,2021-11-29
38,38,"RT @ruchowdh: .@williams_jutta is guiding force on META, looking forward to this panel!",0,11,2021-03-04 19:06:51+00:00,2021-03-04
39,39,@mikecvet Will have to look through open tabs to figure out which doc triggered this tweet.,48,1,2021-03-04 03:14:54+00:00,2021-03-04
41,41,RT @TwitterIR: Tune in to Twitter's 2021 Virtual Analyst Day. Watch it here: https://t.co/wzifGrS0WJ or @TwitterIR https://t.co/6FIv8trZjP…,0,141,2021-02-25 17:17:37+00:00,2021-02-25
42,42,@mijuhan Welcome to the team!,5,0,2021-02-25 05:47:07+00:00,2021-02-25
56,56,"This year, I’ve been so grateful to everyone who put their own health at risk to protect and serve others.

At @Twitter, these heroes include teammates who have kept our data centers running. Thank you for all that you’ve done to sustain and grow our service #OneTeam https://t.co/wVzdPHQIAK",631,44,2020-12-16 17:09:33+00:00,2020-12-16
57,57,@joshuaseattle @nicktornow @Twitter Excited to collaborate with you and the @awscloud team,1,0,2020-12-16 01:49:10+00:00,2020-12-16
58,58,"Yes! Thrilled to strengthen our partnership with @awscloud and continue working towards an even better, lower-latency experience for people using Twitter all around the world! https://t.co/DYYamulG6x",172,22,2020-12-16 01:45:23+00:00,2020-12-16
68,68,"@mkruz Not easy to use, but can deal with RTs. Try searching for filter:follows -filter:replies include:nativeretweets &lt;search terms&gt;",14,0,2020-10-28 05:43:31+00:00,2020-10-28
69,69,Horrified to see whats happening in Nigeria #EndSARS,956,749,2020-10-21 05:43:32+00:00,2020-10-21
76,76,"“Their friendship was built on a bedrock foundation of shared values, and chiefly, I think, the value of a sober, neutral court ... These were guardians of a sacred institution, and they believed that institution must stand beyond politics.” Also, cc @jack https://t.co/pyupKVF9cP",75,1,2020-09-23 04:09:22+00:00,2020-09-23
86,86,"Amazing execution on an incredibly challenging re-architecture of our ads platform. I helped build the previous system, and couldn't be happier that our decisions from 6-8 years ago no longer hinder progress. Huge thanks to the team that worked on this.📈https://t.co/Nv2l9v4q4F",119,18,2020-07-08 16:27:55+00:00,2020-07-08
91,91,RT @TwitterSafety: We’re disclosing new state-linked information operations to our public archive — the only one of its kind in the industr…,0,7239,2020-06-11 22:10:44+00:00,2020-06-11
92,92,"RT @jack: Both Twitter and Square are making #Juneteenth (June 19th) a company holiday in the US, forevermore. A day for celebration, educa…",0,7721,2020-06-10 04:26:12+00:00,2020-06-10
93,93,@TwitterOpen 💙,7,0,2020-06-09 05:02:42+00:00,2020-06-09
96,96,Super excited to learn from this test. And how it works together with easily discovering all retweets with comments. https://t.co/cgcZ8FMgO5 https://t.co/P6nZW4rwae,66,6,2020-05-20 19:10:00+00:00,2020-05-20
101,101,@em_keir Grateful for everything you do to make me and our company more productive. Particularly value how you provide me feedback and help me improve. Thank you for your partnership. #AdminProfessionalsDay https://t.co/uGiOZ4NFFz,69,10,2020-04-22 20:47:02+00:00,2020-04-22
104,104,Define leadership https://t.co/l2U1PqMClC,235,21,2020-04-07 20:06:26+00:00,2020-04-07
105,105,RT @jenzhuscott: Not all quarantine memes are created equal. https://t.co/s4k8cPdMJV,0,8980,2020-04-05 19:11:07+00:00,2020-04-05
107,107,"RT @heylauragao: ""Wuhan Virus"", ""Chinese Virus"", COVID-19. Doesn't matter the name - my hometown will forever be known for that and only th…",0,8292,2020-03-18 03:15:14+00:00,2020-03-18
108,108,@pichette Hope you feel better soon,2,0,2020-03-14 13:50:02+00:00,2020-03-14
109,109,RT @TwitterComms: Today we informed all Twitter employees globally they must work from home to support worldwide efforts to stop the spread…,0,818,2020-03-12 14:26:06+00:00,2020-03-12
110,110,RT @fhuszar: New massive recommender system dataset from Twitter! We hope this will stimulate more research on recommender systems which di…,0,47,2020-03-04 21:12:32+00:00,2020-03-04
111,111,Really excited to see how people use this product so that we can improve it and bring it other markets. https://t.co/Q4fJH2Tprj,39,5,2020-03-04 21:11:24+00:00,2020-03-04
113,113,A Developer Labs endpoint that helps us learn in many new dimensions. I am most excited to see how this API empowers people by enabling choice among ML algorithms. https://t.co/gx6lUR2Irq,32,2,2020-02-27 03:04:41+00:00,2020-02-27
114,114,@squarecog @niels @avibryant @IncrementMag @smitaw That would be confusing. I haven’t seen the context around the screenshot that @avibryant posted.,0,0,2020-02-26 16:59:28+00:00,2020-02-26
115,115,"@niels @squarecog @avibryant @IncrementMag The monolithic adserver as of late 2018 became a challenge to operate and slowed down iteration on ads products. I think this piece is less about old history, and appears to be speaking about decomposition work that happened in 2019 and is still ongoing. Cc @smitaw",2,0,2020-02-26 16:41:31+00:00,2020-02-26
116,116,"RT @real_human_vc: You’re better off in the long term, at least to me, thinking about the long-term prospects of your ideas vs the short-te…",0,5,2020-02-22 22:49:35+00:00,2020-02-22
207,207,RT @jadeloyzaga: I wrote a Twitter blog post!! Excited to share some of the ways that the new Twitter web platform makes it a delight to it…,0,9,2019-07-24 06:08:28+00:00,2019-07-24
238,238,@manishm345 @TwitterIndia Welcome!,0,0,2019-04-22 16:10:13+00:00,2019-04-22
265,265,#NewProfilePic https://t.co/hgHwGKnJOV,184,18,2019-02-07 06:52:24+00:00,2019-02-07
266,266,"@agarwal @CA_DMV Global Entry card is Real ID, so you wait out the DMV rush if you have that.",2,0,2019-02-06 15:22:47+00:00,2019-02-06
